Category,Price,Rating,Stock,Discount
2,4004.0,3.0382925191086185,0,0.0
2,1817.0,3.0382925191086185,1,23.0
2,3522.0,3.0382925191086185,0,25.0
0,2777.0,2.678384421487482,0,6.0
0,1151.0,2.947838084766442,0,25.0
2,7719.0,2.9822417824846874,0,4.0
1,8530.0,3.0382925191086185,0,10.0
0,7936.0,3.032832041059039,0,44.0
1,9319.0,3.479063511857313,0,28.0
3,2066.0,3.0382925191086185,0,30.0
1,1784.0,3.0382925191086185,0,12.0
2,5589.0,3.0382925191086185,0,39.0
2,4996.5,3.0382925191086185,1,25.0
3,407.0,2.7742698776847985,0,44.0
2,7011.0,3.0382925191086185,0,38.0
2,8418.0,3.0382925191086185,0,25.0
2,3405.0,3.0382925191086185,0,48.0
3,1732.0,3.0382925191086185,0,25.0
2,704.0,3.0382925191086185,0,47.0
2,4996.5,3.0382925191086185,0,25.0
2,9307.0,3.0382925191086185,1,21.0
2,4730.0,3.0382925191086185,0,30.0
2,9230.0,3.0382925191086185,0,8.0
2,1112.0,3.0382925191086185,0,38.0
2,4390.0,3.0382925191086185,0,34.0
2,8484.0,3.0382925191086185,1,36.0
2,4589.0,3.0382925191086185,1,47.0
0,2260.0,3.0382925191086185,0,37.0
2,8675.0,2.778260648243727,1,25.0
2,5412.0,3.0382925191086185,1,24.0
0,6304.0,3.0382925191086185,0,31.0
2,9870.0,2.8036864935783328,1,37.0
2,1134.0,2.886833030618752,0,15.0
1,9795.0,3.0382925191086185,0,17.0
1,3445.0,3.0382925191086185,0,3.0
2,1624.0,3.0382925191086185,1,34.0
2,9888.0,3.0382925191086185,0,29.0
3,3977.0,3.0382925191086185,1,32.0
3,2251.0,3.0382925191086185,0,25.0
2,7842.0,3.0382925191086185,0,30.0
2,3182.0,3.0382925191086185,0,13.0
2,1136.0,3.0382925191086185,0,19.0
2,1066.0,3.0382925191086185,1,10.0
2,1788.0,3.0382925191086185,1,7.0
2,6249.0,3.0382925191086185,0,16.0
3,8026.0,3.0382925191086185,0,46.0
2,8631.0,3.3084805096007277,0,10.0
2,1441.0,3.41463486419962,0,43.0
2,6884.0,3.0382925191086185,0,49.0
3,2544.0,3.0382925191086185,0,25.0
1,6114.0,3.0382925191086185,0,44.0
2,8117.0,3.0382925191086185,0,45.0
0,4077.0,3.0382925191086185,1,28.0
3,2877.0,3.1301621702727505,1,49.0
2,3282.0,3.0382925191086185,1,40.0
3,9493.0,2.7804614226232114,1,34.0
2,6578.0,3.125260769236996,0,28.0
2,7187.0,3.0382925191086185,0,12.0
2,1435.0,3.0382925191086185,0,23.0
2,1561.0,2.8560894572721987,0,6.0
2,4502.0,3.0382925191086185,0,40.0
2,4996.5,3.0382925191086185,0,1.0
2,7417.0,3.516107651706844,0,43.0
2,8024.0,3.0382925191086185,0,2.0
2,5250.0,3.0382925191086185,0,6.0
2,6554.0,3.0382925191086185,0,29.0
2,7267.0,3.0382925191086185,0,24.0
2,6879.0,3.0382925191086185,0,8.0
2,5427.0,3.0382925191086185,1,15.0
2,251.0,3.0382925191086185,0,21.0
2,6250.0,3.0382925191086185,0,33.0
2,9990.0,3.0382925191086185,1,19.0
2,2072.0,3.0382925191086185,0,10.0
2,8731.0,3.0382925191086185,1,38.0
3,5031.0,3.0382925191086185,0,4.0
0,6557.0,3.0382925191086185,1,32.0
2,3981.0,3.0382925191086185,0,41.0
2,9459.0,3.490351838179834,1,42.0
2,3763.0,3.0382925191086185,0,13.0
0,2466.0,3.0382925191086185,0,12.0
0,6348.0,3.0382925191086185,0,29.0
2,6345.0,3.0382925191086185,1,4.0
2,4781.0,3.236473832492795,1,3.0
1,8345.0,3.0382925191086185,1,41.0
0,5459.0,3.0382925191086185,1,33.0
3,357.0,3.0382925191086185,1,32.0
1,4299.0,2.938430507798154,0,29.0
2,9799.0,3.0382925191086185,1,34.0
0,8832.0,3.0382925191086185,0,17.0
0,9825.0,3.0382925191086185,1,22.0
2,6442.0,3.0382925191086185,0,34.0
1,7624.0,3.0382925191086185,0,5.0
1,4061.0,2.882858329954204,0,28.0
2,190.0,3.0382925191086185,0,0.0
2,4643.0,3.193527428593516,0,4.0
2,5219.0,3.0382925191086185,1,49.0
2,3125.0,3.295946652014962,0,25.0
2,262.0,3.0382925191086185,0,36.0
0,5268.0,3.0382925191086185,0,48.0
2,5908.0,3.0382925191086185,0,42.0
1,9697.0,3.0382925191086185,0,26.0
1,8458.0,3.0382925191086185,0,18.0
2,4741.0,3.0382925191086185,0,27.0
0,6943.0,3.0382925191086185,0,42.0
2,4996.5,3.0382925191086185,0,11.0
2,3169.0,2.619334913499717,0,25.0
2,8793.0,3.006402453214005,1,6.0
3,9114.0,3.0382925191086185,0,27.0
0,1269.0,3.0382925191086185,0,38.0
2,8069.0,3.0382925191086185,0,31.0
2,2323.0,3.0382925191086185,0,25.0
2,4996.5,3.0382925191086185,0,0.0
2,2584.0,3.0382925191086185,1,1.0
2,7911.0,2.7657386196907554,1,37.0
3,6799.0,3.0382925191086185,1,29.0
2,1870.0,3.0382925191086185,0,32.0
2,6864.0,2.8934828195730478,0,10.0
2,1612.0,3.032991895982947,0,16.0
2,807.0,3.0382925191086185,0,13.0
2,2297.0,3.0382925191086185,1,21.0
2,7800.0,3.0382925191086185,0,5.0
1,1493.0,3.3836236749501865,1,45.0
2,2602.0,3.0382925191086185,0,0.0
2,734.0,3.0382925191086185,0,10.0
3,9318.0,3.319298848791882,0,18.0
2,5220.0,3.0382925191086185,0,0.0
2,381.0,3.0932853971576586,0,17.0
2,8707.0,3.0382925191086185,1,39.0
2,3604.0,3.0382925191086185,0,17.0
2,8070.0,3.0382925191086185,0,28.0
2,721.0,3.0382925191086185,0,25.0
2,6921.0,3.0382925191086185,1,37.0
3,2622.0,3.0382925191086185,0,22.0
2,7231.0,3.0382925191086185,0,6.0
2,340.0,3.0382925191086185,1,27.0
2,9212.0,3.0382925191086185,0,0.0
2,6472.0,3.0382925191086185,0,27.0
2,3978.0,3.0382925191086185,1,19.0
2,5746.0,3.0382925191086185,1,2.0
2,3956.0,3.4559452367626182,0,23.0
3,8757.0,3.0382925191086185,0,49.0
2,2820.0,3.0889237473550524,0,21.0
3,2001.0,3.0382925191086185,1,23.0
2,6675.0,3.0382925191086185,0,43.0
0,4317.0,3.0382925191086185,1,13.0
2,7635.0,3.0382925191086185,1,5.0
2,5669.0,3.0382925191086185,1,38.0
2,2349.0,3.0382925191086185,1,48.0
2,5766.0,3.0382925191086185,1,3.0
2,7362.0,3.0382925191086185,1,33.0
2,3256.0,2.771753928779113,0,45.0
2,9284.0,3.0382925191086185,1,45.0
2,8597.0,3.517120302288795,0,23.0
2,2117.0,3.0382925191086185,0,45.0
0,8642.0,3.0382925191086185,0,43.0
2,4996.5,3.0382925191086185,1,3.0
0,6022.0,3.0382925191086185,0,48.0
2,8132.0,2.7658498345678497,0,15.0
0,1403.0,3.0382925191086185,0,25.0
2,3713.0,3.0382925191086185,1,32.0
2,6148.0,3.0382925191086185,0,3.0
1,395.0,3.0382925191086185,0,24.0
2,5296.0,2.7415569027617632,1,34.0
2,6248.0,2.889130250465094,0,39.0
2,3155.0,2.7562541960267173,0,6.0
2,2539.0,3.0382925191086185,0,9.0
2,3112.0,3.0382925191086185,1,16.0
2,5533.0,3.0382925191086185,0,34.0
2,6989.0,3.0382925191086185,1,10.0
2,176.0,3.0382925191086185,1,33.0
2,8159.0,3.09958403972783,1,31.0
2,5642.0,3.0382925191086185,0,28.0
2,878.0,3.0382925191086185,0,41.0
2,9537.0,3.0382925191086185,1,25.0
2,9600.0,3.316477940525572,0,32.0
2,7194.0,3.3294326510510706,0,38.0
2,4870.0,3.0382925191086185,1,14.0
2,6737.0,3.0382925191086185,0,38.0
2,4996.5,3.4263169803936875,0,7.0
2,8693.0,3.186790808579415,0,24.0
2,3671.0,3.0382925191086185,0,47.0
2,766.0,3.45755283587473,0,19.0
2,615.0,3.0382925191086185,1,2.0
2,4309.0,3.0382925191086185,1,17.0
2,6759.0,3.0382925191086185,1,35.0
2,685.0,3.0382925191086185,1,24.0
2,5206.0,3.0382925191086185,0,35.0
2,5961.0,3.0382925191086185,0,18.0
2,9489.0,3.0382925191086185,0,5.0
2,1558.0,3.0382925191086185,0,12.0
2,6904.0,3.0382925191086185,1,36.0
2,663.0,3.084386434089388,1,5.0
2,3689.0,3.0382925191086185,1,3.0
0,6869.0,3.010511245777053,1,49.0
2,3601.0,3.0382925191086185,0,22.0
2,6657.0,3.0382925191086185,0,47.0
2,4996.5,3.0382925191086185,1,35.0
3,5146.0,3.0382925191086185,0,10.0
0,3348.0,3.0382925191086185,0,16.0
2,4592.0,3.0382925191086185,1,25.0
0,7005.0,3.0382925191086185,0,22.0
0,5074.0,3.0382925191086185,1,41.0
0,9602.0,3.0382925191086185,0,31.0
3,454.0,3.0382925191086185,1,32.0
2,9658.0,3.0382925191086185,1,15.0
2,4198.0,3.0382925191086185,1,29.0
3,2201.0,3.0382925191086185,0,25.0
2,5323.0,3.0382925191086185,1,16.0
2,5420.0,3.0382925191086185,1,21.0
3,4763.0,3.0382925191086185,1,11.0
2,247.0,3.0382925191086185,0,25.0
0,3372.0,3.0382925191086185,0,5.0
3,8544.0,3.0382925191086185,0,29.0
2,4996.5,3.0382925191086185,0,47.0
2,3299.0,3.004898449740812,1,32.0
2,2107.0,3.0382925191086185,1,11.0
2,6765.0,3.4017721001746715,0,35.0
2,1853.0,3.0382925191086185,1,11.0
2,6671.0,3.0382925191086185,0,30.0
2,8398.0,3.407813914668218,1,4.0
3,8742.0,3.0382925191086185,0,4.0
1,2790.0,3.0382925191086185,0,25.0
1,6781.0,3.0382925191086185,1,21.0
0,4996.5,3.0382925191086185,0,14.0
2,8857.0,3.0382925191086185,0,15.0
2,6234.0,3.0382925191086185,0,28.0
2,3364.0,3.0382925191086185,1,3.0
2,7313.0,3.0382925191086185,1,1.0
2,8760.0,3.0382925191086185,0,49.0
1,7933.0,3.0382925191086185,0,36.0
2,5178.0,3.33510540123526,0,20.0
2,8863.0,3.0382925191086185,1,25.0
2,6981.0,3.0382925191086185,1,24.0
2,5937.0,3.0382925191086185,0,25.0
0,185.0,3.0382925191086185,1,9.0
2,5796.0,3.0382925191086185,0,44.0
2,3646.0,3.0382925191086185,1,33.0
2,9483.0,2.8233289222448383,0,25.0
2,9045.0,3.0382925191086185,0,39.0
2,7897.0,3.0382925191086185,0,27.0
2,7384.0,3.0382925191086185,1,24.0
0,597.0,3.0382925191086185,1,40.0
2,6194.0,3.223523933580829,0,14.0
2,1454.0,3.0382925191086185,0,37.0
2,8628.0,3.0382925191086185,0,14.0
3,4996.5,3.0382925191086185,0,43.0
2,1401.0,3.0382925191086185,0,25.0
2,9590.0,3.0382925191086185,0,41.0
2,4467.0,3.0382925191086185,0,0.0
2,5934.0,3.0382925191086185,0,18.0
2,4887.0,3.0382925191086185,0,23.0
2,3204.0,3.0852183136217635,0,35.0
2,8557.0,3.0382925191086185,1,10.0
2,1386.0,3.0382925191086185,0,23.0
3,6728.0,3.0382925191086185,0,39.0
2,7452.0,3.0382925191086185,0,14.0
2,7433.0,3.0382925191086185,0,12.0
2,5036.0,3.0382925191086185,1,25.0
2,4740.0,3.0382925191086185,1,42.0
3,1263.0,3.0382925191086185,0,25.0
2,4883.0,3.356603181776897,0,20.0
2,6441.0,3.0382925191086185,0,0.0
0,8882.0,3.0382925191086185,0,28.0
3,731.0,3.0382925191086185,0,16.0
2,7728.0,3.422209755291833,0,45.0
2,3447.0,3.0382925191086185,1,45.0
2,7622.0,2.701567654531968,0,15.0
2,3074.0,3.0382925191086185,0,3.0
2,3042.0,3.0382925191086185,1,16.0
2,4096.0,3.0382925191086185,0,42.0
2,4157.0,3.0382925191086185,1,30.0
2,5339.0,3.0382925191086185,1,39.0
3,4602.0,3.0382925191086185,1,17.0
3,1222.0,3.0382925191086185,1,49.0
1,3681.0,3.0382925191086185,1,8.0
2,8110.0,3.0382925191086185,0,48.0
0,1328.0,3.0382925191086185,1,30.0
2,5541.0,3.0382925191086185,0,7.0
2,9933.0,3.0382925191086185,1,40.0
2,4323.0,3.0382925191086185,1,45.0
2,8414.0,3.0382925191086185,0,24.0
2,575.0,3.180869426375592,0,40.0
2,5611.0,3.0382925191086185,1,33.0
3,3767.0,3.0382925191086185,1,33.0
2,5666.0,2.8366771871128216,0,49.0
2,1011.0,3.1505195801145547,1,10.0
2,9961.0,2.603816159663268,0,25.0
1,7307.0,3.0382925191086185,0,36.0
2,5364.0,3.0382925191086185,0,29.0
2,1838.0,3.3811675728802784,1,18.0
2,4996.5,3.1852193809894898,0,21.0
1,2242.0,3.0382925191086185,0,13.0
2,7805.0,3.0382925191086185,0,20.0
2,1378.0,3.0382925191086185,0,44.0
2,6905.0,3.0382925191086185,0,35.0
2,5019.0,3.0382925191086185,1,17.0
2,7198.0,3.0382925191086185,0,18.0
1,4905.0,3.0382925191086185,1,23.0
2,2774.0,3.0382925191086185,0,0.0
2,7967.0,3.0382925191086185,0,13.0
2,6551.0,3.0382925191086185,0,28.0
2,2740.0,3.0382925191086185,0,0.0
2,9069.0,3.0382925191086185,0,28.0
2,743.0,3.2666453009250938,0,25.0
2,4996.5,3.0382925191086185,0,25.0
1,6703.0,3.0382925191086185,0,9.0
2,276.0,3.447754406015238,0,3.0
2,6546.0,3.0382925191086185,0,49.0
2,2810.0,2.9125953662049064,0,47.0
2,5181.0,3.0382925191086185,0,44.0
2,5369.0,3.0382925191086185,0,29.0
2,1351.0,2.7391381724901405,0,3.0
2,4874.0,3.0382925191086185,0,20.0
2,1112.0,3.0382925191086185,1,1.0
2,7446.0,3.0382925191086185,0,42.0
2,4877.0,3.0382925191086185,0,30.0
0,7769.0,3.0382925191086185,0,45.0
2,5350.0,3.0382925191086185,1,27.0
2,3150.0,3.0382925191086185,0,7.0
2,7050.0,3.0382925191086185,0,37.0
2,7639.0,3.0382925191086185,1,33.0
2,1253.0,3.0382925191086185,0,24.0
2,4657.0,3.0382925191086185,0,30.0
2,5411.0,3.0382925191086185,1,25.0
2,3130.0,3.0382925191086185,0,3.0
3,4062.0,3.5196211072832964,1,25.0
1,8524.0,3.0382925191086185,0,5.0
2,8290.0,3.0382925191086185,0,25.0
2,4951.0,3.0382925191086185,0,41.0
2,9551.0,3.0382925191086185,1,4.0
1,8084.0,3.0382925191086185,0,24.0
2,9269.0,3.0382925191086185,1,10.0
2,9928.0,3.0382925191086185,0,27.0
2,7405.0,3.0382925191086185,0,31.0
2,9251.0,3.0382925191086185,1,19.0
2,7669.0,3.0382925191086185,0,42.0
2,5107.0,3.0382925191086185,0,17.0
2,7120.0,3.4530845482900854,1,33.0
0,4996.5,3.0382925191086185,0,18.0
1,5059.0,3.0382925191086185,1,16.0
1,5194.0,3.016283432098636,1,12.0
2,2876.0,3.1805350277484448,0,24.0
2,8144.0,3.0382925191086185,0,18.0
2,9151.0,3.0382925191086185,0,27.0
1,6686.0,3.4478348191094748,0,49.0
2,3029.0,3.0382925191086185,1,25.0
0,2030.0,3.0382925191086185,1,25.0
2,4996.5,3.0382925191086185,0,44.0
2,9213.0,3.0382925191086185,1,47.0
2,2691.0,3.0382925191086185,0,48.0
2,7440.0,3.0382925191086185,1,25.0
0,4996.5,2.726068144497116,1,34.0
2,7003.0,3.0382925191086185,0,3.0
0,1578.0,3.0382925191086185,0,25.0
2,2723.0,3.0382925191086185,0,44.0
2,3928.0,3.0382925191086185,0,9.0
2,4732.0,3.0382925191086185,1,45.0
2,3521.0,3.0382925191086185,0,33.0
3,3056.0,3.0382925191086185,0,3.0
2,6147.0,3.0382925191086185,0,4.0
2,4882.0,3.0382925191086185,0,8.0
2,6961.0,3.0382925191086185,0,10.0
2,1398.0,3.0382925191086185,0,13.0
2,8635.0,3.0382925191086185,0,30.0
2,4601.0,3.393927340735492,1,7.0
2,873.0,3.0382925191086185,0,15.0
0,3947.0,3.0382925191086185,0,48.0
2,1398.0,3.348483731254529,1,31.0
2,9265.0,3.0382925191086185,0,47.0
3,9181.0,3.0382925191086185,1,14.0
2,9966.0,3.0382925191086185,1,16.0
2,7087.0,3.0382925191086185,1,47.0
3,3673.0,2.919233192395452,1,40.0
2,6764.0,3.0382925191086185,0,46.0
2,8254.0,3.0382925191086185,0,7.0
2,2470.0,2.7908227007992448,1,23.0
0,7870.0,3.0382925191086185,1,45.0
2,9526.0,3.0382925191086185,0,5.0
2,4996.5,2.7353258128642164,0,47.0
1,8533.0,3.0382925191086185,0,1.0
2,2365.0,3.0382925191086185,1,31.0
2,5009.0,3.082572756233187,1,37.0
2,9634.0,3.0382925191086185,0,48.0
2,9485.0,3.0382925191086185,0,24.0
2,7374.0,3.0382925191086185,0,43.0
2,233.0,2.64773583154752,0,7.0
0,5257.0,3.0382925191086185,0,31.0
0,1853.0,3.041639608395065,0,15.0
2,808.0,3.0382925191086185,0,9.0
2,6220.0,3.0382925191086185,0,44.0
2,9759.0,3.0382925191086185,0,5.0
2,7023.0,3.505974195903742,0,25.0
2,6842.0,3.0382925191086185,0,14.0
2,5062.0,3.0382925191086185,0,17.0
2,2291.0,3.0382925191086185,0,29.0
2,5948.0,3.0382925191086185,1,25.0
3,6160.0,3.0382925191086185,0,1.0
2,8700.0,3.0382925191086185,0,30.0
2,4996.5,3.0382925191086185,0,29.0
2,6281.0,2.71613413382757,0,41.0
2,7092.0,3.0382925191086185,0,25.0
2,4996.5,3.0382925191086185,1,34.0
0,8210.0,3.0382925191086185,1,10.0
0,6791.0,3.0382925191086185,0,33.0
2,219.0,3.346222321017182,0,25.0
2,4601.0,3.0382925191086185,0,33.0
2,2042.0,3.0382925191086185,0,20.0
2,5040.0,2.8468233440122326,0,39.0
0,3933.0,3.095869691273622,0,21.0
2,3098.0,3.0382925191086185,0,21.0
2,5659.0,3.0382925191086185,0,23.0
1,6606.0,3.0382925191086185,0,45.0
2,4650.0,3.3630351600854507,0,3.0
2,4578.0,3.0382925191086185,0,22.0
2,5908.0,3.0382925191086185,0,35.0
2,7765.0,3.0382925191086185,0,35.0
2,860.0,3.0382925191086185,0,28.0
2,4996.5,2.684314027292629,0,30.0
0,4207.0,3.0382925191086185,1,15.0
2,4576.0,3.0382925191086185,0,25.0
2,4687.0,2.993865500521796,0,49.0
2,8305.0,2.9378833606705044,0,31.0
2,8795.0,3.0382925191086185,0,15.0
2,3947.0,3.0382925191086185,0,39.0
2,9466.0,3.0382925191086185,0,34.0
2,6731.0,3.0382925191086185,0,24.0
0,8200.0,3.0382925191086185,0,22.0
2,7809.0,3.0382925191086185,0,17.0
0,4330.0,3.0382925191086185,0,35.0
2,1999.0,3.0382925191086185,1,29.0
2,193.0,3.0382925191086185,0,39.0
2,4765.0,3.0382925191086185,1,27.0
3,9415.0,3.0382925191086185,0,3.0
2,4025.0,3.0382925191086185,0,42.0
2,3141.0,3.0382925191086185,0,13.0
2,6168.0,3.0382925191086185,1,24.0
2,5146.0,3.0382925191086185,0,23.0
1,4996.5,3.0382925191086185,0,37.0
2,5684.0,3.0382925191086185,0,35.0
2,8837.0,3.0382925191086185,0,48.0
0,7013.0,3.0382925191086185,1,47.0
2,4089.0,3.0382925191086185,1,34.0
2,9491.0,3.0382925191086185,1,25.0
0,302.0,3.0382925191086185,0,30.0
2,3121.0,3.249918034197108,1,43.0
1,8664.0,3.0382925191086185,0,10.0
1,3582.0,3.0382925191086185,1,43.0
2,6241.0,3.0382925191086185,0,44.0
2,882.0,3.0461031724708905,1,11.0
2,4752.0,2.8241109135058595,1,20.0
2,3282.0,3.0382925191086185,0,13.0
2,9534.0,3.0382925191086185,0,32.0
2,5870.0,3.0382925191086185,1,15.0
2,1519.0,2.6793881462390496,1,32.0
2,2422.0,3.0382925191086185,0,28.0
3,3510.0,3.0382925191086185,1,28.0
2,9630.0,3.0382925191086185,0,21.0
0,6253.0,3.0382925191086185,0,25.0
3,1533.0,3.0382925191086185,1,25.0
2,7259.0,3.0382925191086185,1,5.0
1,2801.0,3.0382925191086185,0,10.0
0,8976.0,2.67501243407456,0,5.0
2,6855.0,3.0382925191086185,0,25.0
2,6487.0,3.275214523174845,1,9.0
2,7743.0,3.0382925191086185,0,45.0
0,4844.0,2.809743584503583,1,25.0
2,8867.0,2.7897544855987046,0,25.0
2,8794.0,3.0382925191086185,0,34.0
2,6130.0,3.0382925191086185,0,12.0
2,7446.0,3.0382925191086185,0,25.0
2,9041.0,3.0382925191086185,1,42.0
0,5533.0,3.0382925191086185,0,31.0
2,9942.0,3.098893348517028,0,41.0
2,2065.0,2.773372450506171,0,38.0
2,7249.0,3.0382925191086185,1,40.0
2,2863.0,3.0382925191086185,1,20.0
3,2597.0,2.693039161149962,0,22.0
2,8502.0,3.0382925191086185,0,16.0
2,1125.0,3.0382925191086185,0,17.0
2,1039.0,2.9446429985805467,1,44.0
3,4297.0,3.303322214029173,0,5.0
1,2557.0,3.0382925191086185,0,7.0
2,3742.0,3.0382925191086185,1,3.0
2,4429.0,3.0382925191086185,0,8.0
2,4192.0,3.108584267191828,0,1.0
2,5687.0,3.0382925191086185,1,7.0
0,573.0,3.0382925191086185,0,23.0
2,9464.0,3.0382925191086185,0,24.0
2,5125.0,3.0382925191086185,1,49.0
2,480.0,2.895213764660772,0,21.0
2,3122.0,3.0382925191086185,0,46.0
3,8873.0,3.248184261640426,0,41.0
2,9697.0,3.334450241137365,0,11.0
0,3592.0,3.0382925191086185,0,31.0
2,1891.0,3.0382925191086185,0,14.0
2,3584.0,3.0382925191086185,0,44.0
3,3996.0,3.0382925191086185,1,25.0
3,8760.0,3.0382925191086185,0,42.0
1,6166.0,3.0382925191086185,0,47.0
2,6557.0,3.0382925191086185,0,9.0
2,7693.0,3.0382925191086185,0,35.0
0,5896.0,3.0382925191086185,1,41.0
2,8671.0,3.0382925191086185,0,0.0
2,3262.0,3.0382925191086185,0,8.0
2,6708.0,3.177204225986467,0,24.0
2,9054.0,3.1662922671136755,0,26.0
2,438.0,3.0382925191086185,0,21.0
2,4996.5,3.0382925191086185,0,19.0
2,1445.0,3.0382925191086185,0,38.0
2,9158.0,3.0382925191086185,0,25.0
2,2807.0,3.217156053822698,1,39.0
0,1297.0,3.0382925191086185,0,36.0
2,4847.0,3.0382925191086185,0,41.0
1,4930.0,3.321333154322702,1,9.0
2,4996.5,2.867687169548899,1,16.0
3,4999.0,3.0382925191086185,1,40.0
2,2929.0,2.744012447425937,1,46.0
3,4529.0,3.0382925191086185,0,4.0
2,3509.0,3.0382925191086185,0,10.0
2,1567.0,3.0382925191086185,0,37.0
2,926.0,3.0382925191086185,1,21.0
3,2797.0,2.9547384924336355,0,26.0
2,3772.0,3.0382925191086185,0,44.0
2,9873.0,3.0382925191086185,0,19.0
1,3621.0,3.269276521310058,0,16.0
2,8629.0,3.0382925191086185,1,45.0
0,7487.0,3.0382925191086185,1,43.0
0,5055.0,2.782292682062825,0,7.0
0,1251.0,3.0382925191086185,0,40.0
3,1294.0,3.0382925191086185,0,25.0
2,4222.0,3.0382925191086185,0,23.0
2,9352.0,3.0382925191086185,1,31.0
3,9356.0,3.333491496319609,0,17.0
2,3203.0,3.0382925191086185,0,0.0
2,1558.0,3.0382925191086185,0,28.0
3,177.0,3.0382925191086185,0,31.0
2,823.0,3.308216384905766,0,25.0
2,7635.0,3.0382925191086185,0,12.0
2,5135.0,3.0382925191086185,0,35.0
1,3626.0,3.0382925191086185,1,0.0
0,9516.0,3.0382925191086185,0,25.0
2,1506.0,3.0382925191086185,0,34.0
2,7605.0,3.0350170529880938,0,8.0
2,6609.0,3.0382925191086185,0,25.0
2,1628.0,3.0382925191086185,0,0.0
1,5557.0,2.917713789824017,1,14.0
1,8722.0,3.39118847782968,0,26.0
2,3103.0,2.8393745370302623,0,20.0
2,8687.0,2.609026341804329,0,19.0
2,5699.0,3.194113460837644,1,25.0
2,8598.0,3.0382925191086185,0,47.0
3,7621.0,3.0382925191086185,1,30.0
2,3130.0,3.0764474681246607,0,16.0
2,3086.0,3.0382925191086185,1,2.0
2,1051.0,2.984321747954581,0,10.0
2,505.0,3.0382925191086185,1,30.0
2,5334.0,3.0382925191086185,1,14.0
2,4138.0,3.4588528463638504,0,25.0
2,2604.0,3.0382925191086185,1,25.0
0,9933.0,3.0382925191086185,0,15.0
0,3125.0,3.0382925191086185,0,18.0
2,4070.0,3.0382925191086185,0,46.0
2,2190.0,3.0382925191086185,0,10.0
2,7550.0,3.0382925191086185,0,25.0
1,8444.0,2.7738985967049112,0,41.0
2,6169.0,2.703924170771108,1,38.0
2,3540.0,3.0382925191086185,1,15.0
2,8313.0,2.7186970795339924,0,16.0
2,4863.0,3.0382925191086185,1,25.0
0,5271.0,3.0382925191086185,0,45.0
2,947.0,3.0382925191086185,0,5.0
2,9257.0,3.0382925191086185,0,25.0
2,7479.0,3.0382925191086185,1,15.0
0,1682.0,3.0382925191086185,0,45.0
2,9692.0,3.0382925191086185,0,26.0
2,4917.0,3.0382925191086185,1,21.0
2,8537.0,2.955839570412353,0,10.0
2,564.0,3.0382925191086185,0,49.0
1,722.0,3.0382925191086185,0,19.0
2,1022.0,3.0382925191086185,0,1.0
2,3549.0,3.218806010696236,0,1.0
2,6530.0,3.0382925191086185,0,26.0
0,3231.0,2.64807174829098,1,8.0
2,5674.0,3.0382925191086185,0,25.0
2,249.0,3.090414207762457,0,26.0
0,2720.0,3.068155231448395,0,23.0
2,1250.0,2.805398279237349,1,20.0
2,1903.0,3.0382925191086185,1,46.0
3,7139.0,3.0382925191086185,0,43.0
2,2905.0,3.0382925191086185,1,27.0
2,4347.0,3.0382925191086185,1,41.0
2,614.0,3.0382925191086185,1,13.0
1,4996.5,3.0382925191086185,0,25.0
2,9617.0,3.0382925191086185,1,25.0
3,5341.0,3.0382925191086185,0,25.0
2,2997.0,2.94105536708034,1,25.0
2,2577.0,3.0382925191086185,1,49.0
0,5778.0,3.0382925191086185,0,20.0
2,4996.5,2.768843803112533,1,45.0
2,4870.0,3.0382925191086185,1,2.0
2,3650.0,3.0382925191086185,0,37.0
2,3024.0,3.0382925191086185,0,16.0
2,328.0,3.0382925191086185,1,41.0
2,1538.0,3.0382925191086185,0,41.0
2,9329.0,3.0382925191086185,0,48.0
2,7252.0,3.0382925191086185,1,36.0
2,381.0,3.0382925191086185,1,21.0
2,8709.0,3.0382925191086185,0,19.0
3,6778.0,3.0382925191086185,0,41.0
2,7675.0,3.0382925191086185,1,1.0
2,9236.0,3.0382925191086185,1,15.0
3,4246.0,3.0382925191086185,1,34.0
2,2228.0,3.189855923072394,0,23.0
2,3536.0,3.0382925191086185,0,13.0
2,5272.0,3.0382925191086185,0,25.0
2,5113.0,3.0382925191086185,1,17.0
2,2735.0,2.920832286010129,0,26.0
2,2432.0,3.0382925191086185,1,16.0
2,5736.0,3.0382925191086185,0,14.0
3,434.0,3.0382925191086185,1,6.0
2,2666.0,2.9816969896955987,0,28.0
2,736.0,3.0382925191086185,0,12.0
2,4392.0,2.7290709788571568,0,13.0
2,535.0,3.0382925191086185,0,9.0
2,620.0,3.0382925191086185,1,33.0
3,4290.0,3.0382925191086185,0,13.0
2,1305.0,3.0382925191086185,0,38.0
2,6285.0,2.6079269196478303,0,27.0
2,9566.0,3.0382925191086185,1,1.0
2,4996.5,3.0382925191086185,1,25.0
2,9442.0,2.6907269838631973,0,39.0
0,1521.0,3.0382925191086185,0,29.0
2,1704.0,2.8535947570034668,0,6.0
2,158.0,3.0382925191086185,1,12.0
0,420.0,2.6638460181672,0,1.0
2,7645.0,3.0382925191086185,0,25.0
2,4636.0,3.0382925191086185,0,8.0
2,7341.0,3.0382925191086185,0,21.0
1,1971.0,3.0382925191086185,0,1.0
1,3412.0,3.0382925191086185,1,24.0
1,2940.0,2.809246903821382,0,47.0
2,3280.0,3.0382925191086185,1,29.0
2,409.0,3.0382925191086185,1,16.0
1,8690.0,3.0382925191086185,1,1.0
3,7644.0,3.0382925191086185,1,25.0
2,2428.0,3.0382925191086185,1,47.0
2,4004.0,3.0382925191086185,1,31.0
2,1328.0,2.909360250537106,0,27.0
1,8583.0,3.0382925191086185,0,31.0
1,4461.0,3.0382925191086185,0,39.0
3,4888.0,3.0382925191086185,0,2.0
2,9374.0,3.0028560954050536,0,28.0
2,7640.0,3.0382925191086185,0,0.0
2,680.0,3.0382925191086185,0,18.0
2,6322.0,3.0382925191086185,1,25.0
1,1103.0,3.0382925191086185,0,47.0
2,4097.0,3.0382925191086185,1,34.0
2,8281.0,3.0382925191086185,0,12.0
2,1832.0,3.0382925191086185,0,28.0
1,3741.0,3.0382925191086185,0,47.0
2,7054.0,3.0382925191086185,1,49.0
2,6355.0,2.7646612809993303,1,0.0
0,1511.0,2.9675683423004284,1,7.0
3,6483.0,3.0382925191086185,0,33.0
2,3704.0,2.936554309967718,0,1.0
2,6354.0,2.872548993774975,0,46.0
3,8585.0,3.0382925191086185,0,43.0
0,3726.0,3.0382925191086185,0,26.0
2,7030.0,3.0382925191086185,1,19.0
2,5769.0,3.0382925191086185,1,18.0
2,2883.0,2.755392182553186,1,35.0
2,4437.0,3.0382925191086185,0,8.0
2,6987.0,3.0382925191086185,0,25.0
2,7648.0,3.0382925191086185,0,45.0
2,1670.0,3.0382925191086185,0,13.0
1,5335.0,3.0382925191086185,1,12.0
0,6117.0,3.0382925191086185,0,26.0
1,1695.0,3.137216935730504,0,7.0
1,4769.0,3.199256476549933,0,41.0
2,1804.0,3.0382925191086185,0,7.0
2,9951.0,3.0382925191086185,0,26.0
2,4828.0,3.0382925191086185,0,22.0
2,1698.0,3.0891231681012314,0,11.0
2,4996.5,3.0382925191086185,1,23.0
3,6967.0,2.9294789139842865,0,39.0
2,9148.0,3.0382925191086185,0,46.0
0,3701.0,3.0382925191086185,0,12.0
2,6867.0,3.0382925191086185,0,3.0
2,2610.0,2.7912042416852207,0,10.0
3,5597.0,3.116135383834756,0,27.0
2,4219.0,3.0382925191086185,0,37.0
2,2540.0,3.0382925191086185,0,40.0
1,3722.0,3.0382925191086185,1,37.0
2,2647.0,3.0382925191086185,0,25.0
0,4104.0,3.0382925191086185,1,39.0
2,9928.0,3.0382925191086185,0,49.0
2,5712.0,2.747244805164672,1,45.0
2,889.0,3.0382925191086185,1,45.0
2,6889.0,3.0382925191086185,0,13.0
2,4996.5,3.0382925191086185,1,16.0
3,2507.0,3.0382925191086185,1,45.0
2,2173.0,3.0382925191086185,1,24.0
2,2996.0,3.3973758435143004,0,49.0
2,4158.0,3.2560110783637324,0,7.0
2,7314.0,3.0382925191086185,0,41.0
2,3430.0,3.0382925191086185,1,27.0
2,5556.0,3.0382925191086185,0,1.0
2,5132.0,3.0382925191086185,1,43.0
2,5475.0,3.0382925191086185,1,13.0
2,4996.5,3.0382925191086185,1,6.0
2,5565.0,3.0382925191086185,0,47.0
2,2269.0,3.0382925191086185,0,31.0
1,3472.0,3.0382925191086185,1,41.0
2,3430.0,3.0382925191086185,0,27.0
2,3668.0,3.0382925191086185,0,20.0
2,4996.5,3.0382925191086185,0,11.0
2,8460.0,3.0382925191086185,0,18.0
2,296.0,3.0382925191086185,0,11.0
0,3545.0,3.0382925191086185,0,18.0
2,3688.0,3.0382925191086185,0,7.0
0,7243.0,3.0382925191086185,1,7.0
2,9157.0,3.0382925191086185,0,49.0
2,1135.0,3.0382925191086185,0,42.0
2,4267.0,3.0382925191086185,0,19.0
3,5969.0,3.0382925191086185,1,17.0
3,6161.0,3.0382925191086185,0,39.0
2,7874.0,3.0073232701661863,1,34.0
2,317.0,3.0382925191086185,1,27.0
2,571.0,3.030143277607736,0,37.0
2,4996.5,3.0382925191086185,0,48.0
2,5219.0,3.0382925191086185,0,19.0
2,9501.0,3.0382925191086185,1,15.0
2,8863.0,3.0382925191086185,0,15.0
2,3465.0,3.0382925191086185,1,40.0
0,6319.0,3.0382925191086185,1,47.0
2,3452.0,3.150789247813135,0,33.0
2,1802.0,3.0382925191086185,1,25.0
2,3066.0,3.0382925191086185,1,34.0
2,2148.0,3.0382925191086185,0,23.0
3,4943.0,3.0382925191086185,0,14.0
2,1425.0,3.0382925191086185,0,25.0
3,1083.0,3.2856516321952367,1,28.0
2,1735.0,3.5087107241986657,0,20.0
2,7213.0,3.0382925191086185,0,7.0
2,284.0,3.0382925191086185,0,7.0
3,2655.0,3.0382925191086185,0,32.0
1,3837.0,3.0382925191086185,1,18.0
3,9569.0,3.0382925191086185,1,32.0
2,6993.0,3.20979382373768,1,40.0
0,1628.0,3.0382925191086185,1,11.0
2,4996.5,3.0382925191086185,1,36.0
1,9780.0,3.0382925191086185,0,15.0
0,8325.0,3.0382925191086185,1,31.0
2,2570.0,3.0382925191086185,1,16.0
2,868.0,3.0382925191086185,1,21.0
2,9303.0,3.0382925191086185,1,13.0
2,889.0,3.0382925191086185,0,26.0
2,7111.0,3.0382925191086185,0,25.0
1,5655.0,3.0382925191086185,0,41.0
2,4996.5,3.0382925191086185,0,45.0
1,8082.0,3.0382925191086185,0,2.0
2,4996.5,3.3686373810108745,0,9.0
1,2137.0,3.0382925191086185,0,26.0
2,7340.0,3.0382925191086185,0,25.0
2,4672.0,3.331715957340853,0,49.0
0,7180.0,3.0382925191086185,0,2.0
1,4734.0,2.732656991237321,1,0.0
2,500.0,3.0382925191086185,0,43.0
1,7257.0,3.0382925191086185,0,17.0
2,3867.0,3.0382925191086185,0,49.0
2,1028.0,3.0382925191086185,0,34.0
2,8785.0,3.0382925191086185,0,22.0
1,5164.0,3.0382925191086185,0,27.0
2,6036.0,3.0382925191086185,0,24.0
3,7147.0,3.0382925191086185,1,16.0
2,1924.0,3.0382925191086185,0,20.0
2,2642.0,3.0382925191086185,1,2.0
2,1889.0,3.08117485255276,1,41.0
2,3867.0,3.0382925191086185,0,26.0
2,8773.0,3.0382925191086185,0,15.0
2,6566.0,3.0382925191086185,0,20.0
2,5961.0,3.0382925191086185,1,3.0
3,8933.0,3.0382925191086185,0,15.0
2,4374.0,3.0382925191086185,1,21.0
2,4996.5,3.0382925191086185,0,24.0
2,796.0,3.0382925191086185,0,18.0
2,2302.0,3.0382925191086185,1,10.0
2,6806.0,3.0382925191086185,0,18.0
0,8574.0,3.0382925191086185,1,25.0
0,4996.5,3.0382925191086185,0,0.0
2,1519.0,3.0382925191086185,0,15.0
0,1089.0,3.0382925191086185,0,32.0
2,8473.0,3.0382925191086185,1,19.0
2,1786.0,3.0382925191086185,1,14.0
2,2993.0,3.0382925191086185,1,43.0
2,6961.0,3.525718598856852,0,16.0
2,126.0,3.0382925191086185,1,23.0
1,7441.0,3.0382925191086185,0,3.0
0,6244.0,3.0382925191086185,0,41.0
2,474.0,3.0382925191086185,0,3.0
2,5506.0,3.0382925191086185,1,29.0
2,8437.0,3.0382925191086185,0,45.0
3,2952.0,3.0382925191086185,0,34.0
2,5754.0,3.0382925191086185,0,30.0
2,9201.0,3.0382925191086185,0,14.0
2,7054.0,3.0382925191086185,0,10.0
2,4773.0,2.786519202005999,0,27.0
2,6258.0,3.0382925191086185,1,10.0
2,7028.0,3.115534583434127,1,34.0
2,4531.0,3.0382925191086185,0,42.0
2,1094.0,3.0382925191086185,0,48.0
3,3922.0,3.0382925191086185,1,25.0
2,6942.0,3.0382925191086185,0,25.0
2,4579.0,3.0382925191086185,0,25.0
0,1034.0,3.0382925191086185,0,25.0
2,218.0,3.0382925191086185,0,25.0
3,4565.0,3.0382925191086185,1,36.0
2,2462.0,2.914034020509053,1,14.0
2,6129.0,3.373470881731988,1,31.0
0,9599.0,3.0382925191086185,0,36.0
3,8075.0,3.0382925191086185,0,48.0
2,9714.0,3.0382925191086185,1,10.0
2,5941.0,3.0382925191086185,1,38.0
2,3770.0,3.0382925191086185,1,10.0
2,4221.0,3.465892987922365,0,32.0
2,8086.0,3.0382925191086185,0,19.0
2,5672.0,3.0382925191086185,0,12.0
2,6479.0,2.8198421968953298,0,32.0
2,4793.0,2.705174087845628,0,28.0
0,4996.5,3.0382925191086185,0,24.0
3,282.0,3.0382925191086185,0,23.0
1,5638.0,3.0382925191086185,0,12.0
2,4609.0,3.0382925191086185,0,5.0
2,9265.0,3.0382925191086185,0,23.0
2,5724.0,3.0382925191086185,1,13.0
2,1503.0,2.8694291378048606,1,49.0
2,4119.0,3.0382925191086185,0,15.0
2,4996.5,3.0382925191086185,1,33.0
1,3216.0,3.0382925191086185,0,28.0
1,4799.0,3.0382925191086185,0,41.0
2,3557.0,3.0382925191086185,0,44.0
1,9572.0,3.0382925191086185,1,27.0
2,1121.0,3.0382925191086185,1,27.0
2,1762.0,2.8448276824894627,0,1.0
3,6433.0,3.0382925191086185,0,5.0
2,9519.0,3.060620618940357,0,12.0
2,3280.0,3.0382925191086185,0,25.0
2,4105.0,3.0382925191086185,0,17.0
2,5258.0,3.0382925191086185,1,25.0
2,9326.0,3.0382925191086185,1,3.0
3,8619.0,3.0382925191086185,0,34.0
3,6259.0,3.0382925191086185,1,25.0
0,7914.0,3.0382925191086185,0,2.0
3,9463.0,3.0382925191086185,0,25.0
3,9295.0,3.0382925191086185,0,25.0
0,2838.0,3.0382925191086185,1,25.0
2,6490.0,3.0382925191086185,0,10.0
3,4356.0,3.0382925191086185,0,38.0
2,1307.0,3.0382925191086185,0,30.0
1,9911.0,3.0382925191086185,0,3.0
1,2896.0,3.0382925191086185,0,8.0
2,604.0,3.0382925191086185,1,22.0
2,1057.0,3.0382925191086185,1,17.0
2,1577.0,3.0382925191086185,0,14.0
2,2040.0,3.152110023144844,0,25.0
2,4737.0,3.0382925191086185,0,25.0
2,6212.0,3.0382925191086185,0,10.0
2,2186.0,3.0382925191086185,1,22.0
2,6944.0,3.0382925191086185,0,38.0
0,5343.0,3.0347745075432173,0,20.0
2,8683.0,3.0382925191086185,0,39.0
2,4509.0,2.9483364518679456,0,37.0
2,7579.0,3.0382925191086185,1,20.0
2,750.0,3.0382925191086185,1,33.0
0,3770.0,3.0382925191086185,0,38.0
2,1249.0,3.0382925191086185,0,10.0
0,3986.0,3.0382925191086185,1,26.0
2,2066.0,3.0382925191086185,1,42.0
2,4101.0,3.0382925191086185,0,12.0
2,7715.0,3.0382925191086185,0,41.0
2,665.0,3.0382925191086185,0,22.0
2,4815.0,3.0382925191086185,1,25.0
2,9513.0,3.0382925191086185,0,37.0
2,7381.0,3.0382925191086185,1,31.0
1,3003.0,2.716204723065629,1,7.0
1,9470.0,3.0382925191086185,1,1.0
0,3534.0,3.0382925191086185,0,25.0
2,968.0,3.0382925191086185,0,25.0
3,3284.0,3.0382925191086185,0,25.0
1,5693.0,3.0382925191086185,0,14.0
3,7759.0,3.0671954832176844,1,39.0
3,644.0,3.0382925191086185,1,47.0
1,7416.0,3.1709437574344688,0,34.0
3,3690.0,3.0382925191086185,0,4.0
1,9095.0,3.0382925191086185,0,18.0
2,6262.0,3.0382925191086185,0,11.0
2,9639.0,3.0382925191086185,0,36.0
2,3471.0,3.0382925191086185,0,20.0
2,4587.0,2.7120587532119904,1,11.0
2,3620.0,3.0382925191086185,0,25.0
2,5633.0,3.0382925191086185,0,45.0
2,5857.0,2.672355687152289,0,7.0
2,339.0,3.3881994544507443,0,25.0
2,7515.0,3.0382925191086185,0,1.0
2,7409.0,3.0382925191086185,1,23.0
2,8447.0,3.0382925191086185,0,34.0
2,5141.0,3.0382925191086185,0,24.0
0,4154.0,3.0382925191086185,0,48.0
2,3272.0,3.271867653450437,0,46.0
2,124.0,3.0382925191086185,0,11.0
2,162.0,3.0382925191086185,0,36.0
2,3516.0,3.0382925191086185,0,10.0
0,3772.0,3.0382925191086185,0,19.0
3,8222.0,3.0382925191086185,1,45.0
2,9439.0,2.651170105455797,0,2.0
2,4996.5,3.4863670130155286,0,32.0
2,3564.0,3.0382925191086185,1,47.0
2,8551.0,3.0382925191086185,0,20.0
2,3600.0,3.0382925191086185,0,6.0
2,6315.0,3.0382925191086185,1,25.0
2,2903.0,3.0382925191086185,0,15.0
3,789.0,3.0382925191086185,1,35.0
3,6744.0,3.0382925191086185,0,39.0
2,8673.0,3.0382925191086185,1,7.0
2,1307.0,3.0382925191086185,1,19.0
1,2763.0,3.287226166271415,0,25.0
3,5669.0,3.0382925191086185,0,2.0
2,6470.0,3.0382925191086185,1,47.0
1,4996.5,2.9504628327415228,0,27.0
2,5266.0,3.0382925191086185,0,44.0
2,5218.0,3.0382925191086185,1,30.0
2,4936.0,3.388590917027281,0,32.0
2,9918.0,3.0484141650158305,0,25.0
1,8340.0,2.961243301928114,1,33.0
3,6886.0,3.0382925191086185,1,19.0
2,4811.0,3.0382925191086185,1,22.0
3,2660.0,3.0382925191086185,0,5.0
2,5040.0,3.0382925191086185,1,16.0
2,8937.0,3.168626657315065,0,25.0
2,2637.0,3.0382925191086185,0,13.0
2,4996.5,3.0382925191086185,0,46.0
2,5654.0,3.0382925191086185,0,27.0
2,193.0,3.484824616590424,1,27.0
2,5756.0,3.0382925191086185,0,11.0
2,4765.0,3.0382925191086185,0,37.0
2,1175.0,3.024834876757818,1,5.0
1,2045.0,3.0382925191086185,0,1.0
2,3237.0,3.0382925191086185,1,40.0
2,6217.0,3.0382925191086185,0,42.0
2,7051.0,3.0382925191086185,0,13.0
2,1317.0,3.0382925191086185,0,20.0
2,9240.0,2.6379896645706578,0,40.0
2,810.0,3.254853508336873,0,45.0
2,7041.0,3.0382925191086185,0,36.0
2,6966.0,3.0382925191086185,0,43.0
2,8449.0,2.658873198912866,0,39.0
3,3418.0,3.0382925191086185,0,16.0
2,4871.0,3.0382925191086185,0,28.0
3,251.0,3.0382925191086185,0,3.0
2,7418.0,3.0382925191086185,0,43.0
1,1202.0,3.2485700974957537,1,39.0
2,5946.0,3.0382925191086185,1,25.0
2,6096.0,3.1802364785378034,1,14.0
2,4996.5,3.129525111836002,1,45.0
2,9818.0,3.0382925191086185,0,7.0
2,3848.0,3.0382925191086185,0,24.0
2,9984.0,3.0382925191086185,0,0.0
2,8098.0,3.0382925191086185,1,22.0
0,2408.0,2.897409882537452,0,44.0
1,5574.0,3.0382925191086185,0,21.0
2,2133.0,3.0382925191086185,0,25.0
2,3044.0,3.0382925191086185,1,29.0
2,2501.0,2.6466048791164742,1,22.0
2,2523.0,3.0382925191086185,0,40.0
2,2003.0,3.0382925191086185,0,3.0
2,3757.0,3.0382925191086185,0,25.0
2,5397.0,3.0382925191086185,0,25.0
2,5153.0,3.0382925191086185,0,9.0
2,7241.0,3.0382925191086185,0,46.0
2,6029.0,3.0382925191086185,0,28.0
2,628.0,3.2980958234749784,0,28.0
2,3258.0,3.0382925191086185,1,24.0
2,787.0,3.129012543995571,1,25.0
2,6472.0,3.200770015892991,1,15.0
1,4642.0,3.0382925191086185,1,26.0
3,255.0,3.1495754147196213,0,33.0
2,1127.0,2.869476571592778,0,11.0
2,3940.0,3.0382925191086185,0,10.0
2,829.0,3.0382925191086185,0,42.0
0,7766.0,3.0382925191086185,0,17.0
2,8394.0,3.0382925191086185,1,34.0
2,891.0,3.0382925191086185,0,31.0
2,5587.0,3.0382925191086185,0,44.0
2,9140.0,3.0382925191086185,1,44.0
2,157.0,3.0382925191086185,1,24.0
0,7902.0,3.0382925191086185,1,24.0
0,1316.0,3.082218887521531,1,24.0
2,8314.0,3.0382925191086185,0,11.0
0,4477.0,3.0382925191086185,1,12.0
2,8311.0,3.0382925191086185,0,28.0
2,6426.0,3.0382925191086185,0,18.0
2,1718.0,2.6870823250713918,0,7.0
1,6379.0,3.0382925191086185,0,32.0
0,8071.0,3.0382925191086185,0,12.0
2,4064.0,3.1319496320380416,1,2.0
2,2867.0,3.0382925191086185,0,44.0
2,3604.0,3.0382925191086185,0,7.0
2,7305.0,3.0382925191086185,0,17.0
2,8099.0,3.0382925191086185,0,10.0
2,4926.0,3.0382925191086185,1,42.0
3,4996.5,3.0382925191086185,0,38.0
2,3545.0,2.622266077753124,1,25.0
2,4679.0,3.0382925191086185,1,7.0
3,4053.0,3.0382925191086185,0,25.0
2,6566.0,3.0382925191086185,1,25.0
2,667.0,3.0382925191086185,0,37.0
3,6477.0,3.2828959730738,1,25.0
3,4048.0,3.520451122739891,0,10.0
2,2033.0,3.0382925191086185,0,26.0
3,5436.0,3.0382925191086185,0,25.0
0,1914.0,3.0382925191086185,0,9.0
2,1983.0,3.0382925191086185,0,25.0
1,4862.0,3.0382925191086185,1,6.0
2,784.0,3.0382925191086185,0,42.0
2,7596.0,3.0382925191086185,0,4.0
1,8613.0,3.0382925191086185,0,18.0
2,2410.0,3.0206004122632315,1,3.0
0,7596.0,2.799564143701305,0,10.0
2,5620.0,3.0382925191086185,1,38.0
2,8821.0,3.0382925191086185,1,17.0
0,7615.0,3.341888370579414,0,32.0
1,3614.0,2.7887219805956374,0,25.0
2,1151.0,3.0382925191086185,1,25.0
2,8806.0,3.08190121624673,0,11.0
2,6325.0,3.477193770291352,1,18.0
2,3384.0,3.0382925191086185,1,26.0
2,9011.0,3.0382925191086185,0,35.0
3,3197.0,3.0382925191086185,0,22.0
0,212.0,3.0382925191086185,1,37.0
2,6599.0,3.0382925191086185,0,45.0
2,4996.5,3.0382925191086185,0,44.0
2,1656.0,3.0382925191086185,1,47.0
1,4367.0,3.0382925191086185,0,35.0
2,4743.0,3.0382925191086185,0,19.0
2,3314.0,3.0382925191086185,1,41.0
2,7630.0,3.0382925191086185,0,20.0
2,6558.0,3.0382925191086185,0,13.0
2,3114.0,3.0382925191086185,0,28.0
0,223.0,3.0382925191086185,0,23.0
2,7538.0,3.0382925191086185,0,7.0
2,4996.5,3.0382925191086185,0,44.0
2,4996.5,3.281209572259522,0,41.0
3,8133.0,2.945173598863156,0,47.0
1,3343.0,3.0382925191086185,0,38.0
2,5738.0,3.0382925191086185,1,38.0
2,545.0,3.228205938957552,0,25.0
2,5000.0,3.0382925191086185,0,34.0
2,9431.0,3.0382925191086185,0,44.0
2,2751.0,3.0382925191086185,0,15.0
2,4986.0,3.0382925191086185,1,34.0
2,8384.0,3.0382925191086185,1,25.0
2,7136.0,3.503655679970459,0,22.0
2,4377.0,3.0382925191086185,0,2.0
2,2268.0,3.0382925191086185,0,28.0
2,4791.0,3.0382925191086185,0,42.0
2,5484.0,3.0382925191086185,1,6.0
2,2675.0,3.0382925191086185,0,46.0
2,9067.0,3.0382925191086185,0,2.0
2,9933.0,3.0382925191086185,0,36.0
2,9223.0,3.0382925191086185,1,43.0
2,238.0,3.0382925191086185,1,9.0
3,4996.5,3.0382925191086185,1,15.0
2,7192.0,3.3855542911293988,0,4.0
0,4996.5,3.0382925191086185,0,37.0
0,3108.0,3.0382925191086185,1,25.0
2,9074.0,3.0382925191086185,0,39.0
2,6328.0,3.0382925191086185,0,20.0
2,3071.0,3.0382925191086185,0,46.0
2,6256.0,3.0382925191086185,1,25.0
2,9058.0,3.0382925191086185,0,15.0
2,5735.0,3.0382925191086185,0,34.0
1,8453.0,3.0382925191086185,0,15.0
2,1014.0,3.0382925191086185,1,20.0
1,4660.0,3.0382925191086185,0,7.0
2,1964.0,3.0382925191086185,1,25.0
2,3611.0,3.0382925191086185,0,0.0
0,1543.0,3.0382925191086185,0,23.0
0,747.0,3.0382925191086185,0,1.0
2,1474.0,3.0382925191086185,1,25.0
2,7165.0,3.0382925191086185,0,45.0
0,9042.0,3.0382925191086185,0,22.0
2,6840.0,3.0382925191086185,0,25.0
2,3519.0,3.0382925191086185,1,9.0
2,9768.0,3.0382925191086185,0,25.0
2,4352.0,3.0382925191086185,0,24.0
2,3375.0,3.0382925191086185,1,15.0
2,3207.0,3.0382925191086185,0,43.0
0,4996.5,3.0382925191086185,0,34.0
2,772.0,3.200412441030147,1,13.0
2,6960.0,3.199276990092736,0,39.0
2,4500.0,3.0382925191086185,1,23.0
2,8596.0,3.0382925191086185,0,45.0
2,9590.0,3.0382925191086185,0,44.0
2,744.0,3.0382925191086185,0,26.0
2,4996.5,2.768665479106021,0,12.0
2,6127.0,3.0382925191086185,1,8.0
2,7908.0,3.0382925191086185,0,0.0
2,2858.0,3.0382925191086185,0,29.0
2,480.0,3.0382925191086185,1,25.0
2,7949.0,3.0382925191086185,0,25.0
1,7923.0,3.0382925191086185,0,33.0
2,2898.0,3.0382925191086185,0,25.0
3,2017.0,3.0382925191086185,0,5.0
2,174.0,3.0382925191086185,0,28.0
2,9049.0,3.0382925191086185,1,28.0
2,3643.0,3.0382925191086185,0,16.0
2,4340.0,2.867764996399758,1,0.0
2,5729.0,3.0382925191086185,0,33.0
2,2497.0,2.7208878028219017,1,42.0
2,5140.0,3.0382925191086185,0,25.0
2,6060.0,3.0382925191086185,0,6.0
2,2826.0,3.0382925191086185,0,35.0
3,1365.0,3.0382925191086185,0,37.0
2,892.0,3.0382925191086185,1,31.0
2,3284.0,3.0382925191086185,0,21.0
0,3668.0,2.8846104879937067,0,25.0
2,2572.0,3.0382925191086185,1,23.0
2,6836.0,3.0382925191086185,0,28.0
2,1753.0,3.0382925191086185,1,17.0
2,2051.0,3.0382925191086185,1,45.0
2,3481.0,3.0382925191086185,0,41.0
2,8327.0,3.0382925191086185,0,25.0
2,4099.0,3.0382925191086185,1,25.0
2,6132.0,3.465649820266486,0,35.0
3,248.0,3.0382925191086185,0,4.0
2,8589.0,2.857183192621933,0,19.0
2,9728.0,3.0382925191086185,0,22.0
2,3403.0,3.0382925191086185,0,25.0
0,4039.0,3.0382925191086185,0,29.0
1,4119.0,3.0382925191086185,0,11.0
0,5009.0,3.0382925191086185,0,28.0
2,4628.0,2.974389335694449,1,25.0
2,141.0,3.0382925191086185,0,15.0
2,4884.0,3.0382925191086185,0,25.0
2,6906.0,3.0382925191086185,1,25.0
2,9291.0,3.0382925191086185,1,19.0
2,9364.0,3.0382925191086185,1,25.0
2,2295.0,3.0382925191086185,1,12.0
2,9439.0,3.0382925191086185,0,25.0
2,8254.0,3.0382925191086185,0,39.0
2,5627.0,3.2317582196855503,0,46.0
2,7289.0,3.0382925191086185,0,14.0
0,943.0,3.0382925191086185,1,31.0
2,337.0,3.0382925191086185,0,46.0
1,4844.0,3.0382925191086185,0,43.0
2,458.0,2.957183551735889,1,15.0
2,5050.0,3.0382925191086185,0,21.0
2,6986.0,3.0382925191086185,0,41.0
1,5901.0,3.0382925191086185,1,28.0
2,9799.0,3.0382925191086185,0,25.0
2,3034.0,3.0382925191086185,0,31.0
2,5983.0,3.0382925191086185,0,17.0
3,5065.0,3.0382925191086185,1,49.0
2,6735.0,3.0382925191086185,0,27.0
2,1937.0,3.171312967613319,0,45.0
2,2048.0,2.930280425179351,1,38.0
2,4853.0,3.0382925191086185,0,40.0
2,9676.0,3.0382925191086185,0,13.0
2,3252.0,2.957626141147796,0,35.0
1,4963.0,2.631434918226218,0,35.0
2,2731.0,3.0382925191086185,0,39.0
3,6260.0,3.0382925191086185,0,8.0
2,5483.0,3.0382925191086185,0,25.0
2,8063.0,2.954655793120616,0,44.0
2,2040.0,3.3922462053989366,0,38.0
2,3083.0,3.1549643736979083,0,20.0
2,1242.0,3.037537249044934,0,14.0
2,5215.0,3.0382925191086185,0,22.0
2,4996.5,3.0382925191086185,1,1.0
2,4996.5,3.0382925191086185,1,15.0
2,8417.0,3.0382925191086185,0,9.0
2,2935.0,3.282913091682917,0,25.0
2,3955.0,3.0382925191086185,1,40.0
2,6541.0,2.949805247255469,0,45.0
2,9171.0,3.0382925191086185,0,31.0
3,2565.0,2.622165128743412,0,9.0
0,3673.0,3.0382925191086185,0,37.0
2,6148.0,3.0382925191086185,0,43.0
0,1853.0,2.6127525607615465,0,9.0
2,2066.0,3.0382925191086185,0,36.0
2,2863.0,2.9451456303419263,0,40.0
2,6996.0,3.0382925191086185,1,36.0
2,8176.0,3.5150053605414024,1,45.0
3,3771.0,3.0382925191086185,0,30.0
2,7965.0,3.052955010389021,1,9.0
1,4743.0,3.0382925191086185,1,30.0
2,2314.0,2.9504001408342653,1,34.0
2,2085.0,3.0382925191086185,0,37.0
2,587.0,3.0382925191086185,0,15.0
2,4996.5,3.0382925191086185,1,28.0
1,6444.0,3.0382925191086185,0,44.0
2,1322.0,3.0382925191086185,0,41.0
3,9833.0,3.0382925191086185,1,25.0
2,2153.0,3.2270961712433626,1,45.0
2,297.0,3.0382925191086185,1,3.0
2,5426.0,3.0382925191086185,1,22.0
3,3836.0,3.0382925191086185,0,31.0
2,907.0,3.0382925191086185,0,4.0
2,4996.5,3.0382925191086185,1,25.0
2,944.0,3.0382925191086185,0,44.0
2,2526.0,3.0382925191086185,0,19.0
2,2193.0,3.0382925191086185,0,8.0
2,3601.0,3.0382925191086185,1,10.0
2,2908.0,3.0382925191086185,1,43.0
2,3596.0,3.0382925191086185,0,30.0
0,572.0,3.0382925191086185,1,25.0
2,9448.0,3.0382925191086185,0,31.0
2,1476.0,3.283649654560546,0,32.0
3,6094.0,3.0382925191086185,0,20.0
2,1360.0,3.0382925191086185,0,36.0
2,4651.0,3.0382925191086185,0,29.0
2,2630.0,3.0382925191086185,0,29.0
2,6768.0,3.0382925191086185,0,34.0
3,1072.0,3.0382925191086185,1,20.0
0,5966.0,3.0382925191086185,0,15.0
1,5835.0,3.0382925191086185,0,20.0
2,2489.0,3.0382925191086185,0,43.0
0,6309.0,3.0382925191086185,0,34.0
2,2951.0,3.0382925191086185,1,37.0
2,7595.0,3.0382925191086185,0,27.0
2,3462.0,3.0382925191086185,1,8.0
2,5159.0,3.0382925191086185,0,30.0
2,978.0,3.0382925191086185,1,7.0
1,9919.0,2.916351330020928,0,4.0
2,5085.0,3.0382925191086185,1,7.0
3,6054.0,3.0382925191086185,1,36.0
2,2410.0,3.118344839120001,0,25.0
2,2579.0,3.0382925191086185,1,34.0
2,4996.5,3.0382925191086185,0,25.0
2,1434.0,3.0382925191086185,0,46.0
2,1680.0,3.0382925191086185,0,46.0
1,1076.0,3.472829214829641,1,12.0
2,8772.0,3.0382925191086185,1,6.0
2,8281.0,3.0382925191086185,0,15.0
2,8486.0,3.0382925191086185,0,34.0
2,7882.0,3.499802616262206,0,22.0
2,9644.0,3.0382925191086185,1,7.0
0,2934.0,3.0382925191086185,1,25.0
3,8941.0,3.0382925191086185,0,25.0
3,7260.0,3.0382925191086185,1,21.0
3,9653.0,3.0382925191086185,1,25.0
2,716.0,3.0382925191086185,0,33.0
2,4024.0,3.0382925191086185,0,35.0
2,7878.0,3.317701614197333,0,3.0
0,4996.5,2.8007277823682126,0,6.0
2,7987.0,3.0382925191086185,0,39.0
2,7770.0,3.0382925191086185,0,44.0
2,7321.0,3.453911915630956,0,25.0
2,1406.0,3.223711459985949,1,13.0
2,1871.0,3.0382925191086185,1,29.0
2,1348.0,3.0382925191086185,0,18.0
2,6105.0,3.0382925191086185,1,35.0
2,8547.0,3.0382925191086185,1,47.0
1,7656.0,2.7814611526467017,0,20.0
2,6616.0,3.0382925191086185,0,7.0
0,1499.0,3.0382925191086185,1,38.0
1,5995.0,3.0914451422446763,0,18.0
2,3007.0,3.0382925191086185,0,7.0
2,311.0,3.0382925191086185,0,18.0
2,3112.0,3.0382925191086185,1,15.0
2,4606.0,3.0382925191086185,0,7.0
1,9265.0,3.0382925191086185,0,24.0
1,6898.0,3.0382925191086185,0,25.0
0,3669.0,3.0382925191086185,1,17.0
1,9746.0,3.0382925191086185,1,14.0
2,9408.0,3.0382925191086185,0,31.0
2,8843.0,3.0382925191086185,0,2.0
2,4296.0,3.0382925191086185,0,33.0
2,5972.0,3.103611590922572,0,25.0
2,5512.0,3.0382925191086185,1,26.0
2,7738.0,3.266528515499862,0,27.0
2,229.0,3.0382925191086185,0,3.0
2,4443.0,3.160280553221813,0,48.0
2,7683.0,3.4737390600422446,0,45.0
2,857.0,3.0382925191086185,1,5.0
2,4996.5,3.0382925191086185,1,25.0
0,5370.0,3.0382925191086185,0,1.0
2,399.0,3.0382925191086185,0,18.0
2,3241.0,3.0382925191086185,0,47.0
2,273.0,3.0382925191086185,0,5.0
1,4364.0,3.4911783151543307,1,35.0
2,9571.0,3.0382925191086185,0,3.0
2,772.0,3.0382925191086185,1,43.0
2,4996.5,3.0382925191086185,0,1.0
2,9471.0,3.0382925191086185,0,37.0
2,8767.0,3.0382925191086185,1,38.0
0,5164.0,3.0382925191086185,0,38.0
1,5880.0,3.0382925191086185,0,43.0
2,3101.0,3.0382925191086185,0,35.0
2,2993.0,3.0382925191086185,0,8.0
2,7642.0,3.0382925191086185,0,45.0
2,7620.0,2.758632458639411,0,23.0
2,8010.0,3.0382925191086185,1,26.0
2,8493.0,3.0382925191086185,0,14.0
3,9536.0,3.0382925191086185,0,33.0
2,9624.0,3.0382925191086185,0,25.0
1,2162.0,3.0382925191086185,0,38.0
2,5601.0,3.0382925191086185,0,32.0
0,2558.0,3.0382925191086185,1,33.0
2,4048.0,3.0382925191086185,1,29.0
2,3556.0,3.0382925191086185,0,30.0
2,4059.0,3.0382925191086185,1,36.0
3,1183.0,2.746028971193752,1,43.0
2,5963.0,3.0382925191086185,0,18.0
1,5973.0,2.7504142463770838,0,42.0
2,9025.0,3.0382925191086185,0,27.0
2,4996.5,3.0382925191086185,0,24.0
2,8641.0,2.648164552699005,0,41.0
2,3836.0,3.0382925191086185,0,33.0
2,303.0,3.0382925191086185,0,22.0
2,628.0,3.0382925191086185,1,24.0
2,4269.0,3.0382925191086185,0,26.0
2,4300.0,3.0382925191086185,1,23.0
0,4823.0,3.0382925191086185,0,35.0
2,7285.0,3.0382925191086185,0,9.0
0,2090.0,3.0382925191086185,1,4.0
2,7018.0,3.0382925191086185,0,20.0
3,2469.0,3.0382925191086185,0,47.0
0,2053.0,3.317306004614981,0,25.0
2,9449.0,3.0382925191086185,0,12.0
1,2629.0,3.0382925191086185,0,28.0
2,9149.0,3.0382925191086185,1,30.0
3,4996.5,3.0382925191086185,0,0.0
2,8110.0,3.0382925191086185,1,12.0
2,5001.0,3.111345273381468,1,6.0
2,4945.0,3.102738577398457,0,27.0
0,5065.0,3.0382925191086185,1,25.0
2,9964.0,3.0382925191086185,0,36.0
2,698.0,3.0382925191086185,1,8.0
2,8109.0,3.0382925191086185,0,40.0
2,1475.0,3.0382925191086185,1,3.0
2,103.0,3.0382925191086185,0,16.0
1,7410.0,3.0382925191086185,1,11.0
2,908.0,3.0382925191086185,0,12.0
2,5949.0,3.0382925191086185,0,32.0
3,6698.0,3.0382925191086185,0,25.0
2,3888.0,3.038160198339047,0,20.0
0,9854.0,2.694786815958856,1,3.0
2,1064.0,3.0382925191086185,0,14.0
2,6216.0,3.0382925191086185,0,14.0
2,2607.0,3.0382925191086185,0,21.0
2,4996.5,3.0382925191086185,1,25.0
2,7122.0,3.0382925191086185,0,1.0
2,7081.0,3.0382925191086185,0,24.0
2,577.0,3.0382925191086185,0,20.0
2,3458.0,3.0382925191086185,0,6.0
2,8394.0,3.0382925191086185,1,12.0
1,5579.0,3.0382925191086185,1,25.0
2,6696.0,3.0382925191086185,0,0.0
2,2934.0,3.0382925191086185,0,28.0
2,4907.0,3.0382925191086185,1,25.0
1,3064.0,2.9747131160007165,0,13.0
2,3017.0,3.398362562037509,0,47.0
2,1186.0,3.2146205823279583,1,38.0
2,9172.0,3.0382925191086185,0,25.0
0,5842.0,3.0382925191086185,1,40.0
2,9693.0,2.7605836007193187,0,47.0
2,2780.0,3.0382925191086185,0,25.0
2,4996.5,3.1252566517157514,0,25.0
2,2373.0,3.0382925191086185,1,10.0
1,8478.0,3.0382925191086185,0,38.0
2,2885.0,3.29218736783225,0,4.0
2,1871.0,2.699047462439864,1,27.0
3,9802.0,3.0382925191086185,0,36.0
2,9101.0,3.0382925191086185,1,1.0
2,8077.0,3.1106982030759687,1,20.0
2,878.0,3.0382925191086185,0,10.0
2,4470.0,3.0382925191086185,0,49.0
2,7247.0,3.0382925191086185,1,16.0
2,9078.0,3.200384235041743,0,30.0
0,9997.0,3.0382925191086185,0,27.0
2,3894.0,3.0382925191086185,0,15.0
3,5901.0,3.3303753402358907,0,31.0
2,1746.0,3.0382925191086185,0,34.0
2,4316.0,3.0382925191086185,1,11.0
1,3019.0,3.434520377922623,0,44.0
3,4042.0,2.9266623201528126,1,35.0
2,3807.0,2.788718126467676,1,15.0
2,1871.0,3.3555289088493985,0,43.0
3,5843.0,3.0382925191086185,1,24.0
2,5671.0,3.0382925191086185,1,35.0
2,2163.0,3.0382925191086185,0,2.0
2,5263.0,3.0382925191086185,0,10.0
2,3097.0,3.0382925191086185,1,28.0
2,6903.0,3.0382925191086185,1,12.0
2,2463.0,2.946698992249034,0,45.0
2,9765.0,3.0382925191086185,0,19.0
2,9650.0,3.0382925191086185,0,24.0
2,1493.0,3.0382925191086185,1,36.0
2,1462.0,3.0382925191086185,0,0.0
2,2642.0,3.0382925191086185,0,23.0
0,3885.0,3.0382925191086185,0,1.0
2,4996.5,3.0382925191086185,1,4.0
2,2294.0,3.0382925191086185,0,1.0
2,5652.0,3.0382925191086185,1,4.0
2,4468.0,3.0382925191086185,0,40.0
2,8509.0,3.0382925191086185,0,32.0
3,6302.0,3.0382925191086185,1,40.0
2,4599.0,2.7059196992070778,0,16.0
2,1054.0,3.0382925191086185,0,17.0
1,6431.0,3.0382925191086185,0,4.0
2,8137.0,3.0382925191086185,1,1.0
2,2935.0,3.0382925191086185,0,10.0
2,4077.0,3.0382925191086185,1,16.0
2,3385.0,3.0382925191086185,0,31.0
2,6143.0,3.0382925191086185,0,11.0
2,4185.0,3.0382925191086185,0,13.0
2,4962.0,3.1205871463083,1,46.0
2,2341.0,3.0382925191086185,0,19.0
2,2806.0,3.092530207474025,1,28.0
2,9011.0,3.0382925191086185,0,25.0
2,1707.0,3.0382925191086185,0,25.0
2,855.0,3.0382925191086185,1,7.0
2,9972.0,3.0382925191086185,1,15.0
2,4194.0,3.0382925191086185,1,36.0
2,1152.0,3.0382925191086185,1,25.0
2,1155.0,3.0382925191086185,0,38.0
2,7400.0,2.7941732006435323,0,18.0
1,6906.0,3.0382925191086185,1,41.0
2,5383.0,3.0936229253617693,0,27.0
2,4789.0,3.0382925191086185,1,0.0
3,4996.5,3.0382925191086185,0,40.0
2,3855.0,3.0382925191086185,1,46.0
1,1697.0,3.0382925191086185,0,4.0
2,3227.0,3.0382925191086185,1,42.0
0,8483.0,3.0382925191086185,0,25.0
2,8073.0,3.0382925191086185,1,4.0
2,4419.0,3.0382925191086185,0,13.0
2,8891.0,3.0382925191086185,0,37.0
2,9324.0,3.0258327040958526,1,37.0
2,7605.0,3.0382925191086185,1,4.0
2,2302.0,3.0382925191086185,0,8.0
2,5634.0,3.0382925191086185,1,46.0
2,7297.0,3.0382925191086185,0,4.0
2,922.0,3.0382925191086185,1,25.0
2,4495.0,3.0382925191086185,0,4.0
2,5672.0,3.152687056666544,0,27.0
2,7487.0,3.0382925191086185,0,21.0
3,8989.0,3.0382925191086185,0,6.0
2,1685.0,3.0382925191086185,0,6.0
2,6014.0,3.0382925191086185,1,14.0
2,3481.0,3.041725997087996,0,26.0
1,6090.0,3.0382925191086185,0,21.0
2,9574.0,3.0382925191086185,0,45.0
2,347.0,3.0382925191086185,0,41.0
2,4847.0,2.7226170283623694,0,3.0
0,7150.0,2.9775348341038668,0,12.0
2,8468.0,3.0382925191086185,0,24.0
2,528.0,3.0382925191086185,0,17.0
2,1827.0,3.0382925191086185,1,37.0
0,4385.0,2.9043208730632597,0,2.0
2,6576.0,3.0382925191086185,0,23.0
2,4996.5,3.0382925191086185,0,32.0
2,6812.0,3.0382925191086185,0,26.0
0,8754.0,3.0382925191086185,0,7.0
2,5077.0,3.0382925191086185,0,10.0
2,4175.0,3.0382925191086185,0,8.0
2,6138.0,3.0382925191086185,0,18.0
2,1973.0,3.0382925191086185,0,6.0
3,8779.0,3.0382925191086185,0,26.0
2,124.0,3.0382925191086185,0,19.0
2,9833.0,3.0382925191086185,0,26.0
2,1884.0,3.0382925191086185,0,38.0
3,6107.0,3.0382925191086185,0,24.0
0,3020.0,3.3865934001566265,0,28.0
0,640.0,3.0382925191086185,0,26.0
2,1521.0,3.0382925191086185,0,42.0
2,6878.0,2.7558734658999025,0,19.0
3,2674.0,3.0382925191086185,0,25.0
2,924.0,3.0382925191086185,0,49.0
2,8067.0,3.479179341562088,0,20.0
2,4996.5,3.0382925191086185,0,12.0
3,5957.0,3.0382925191086185,0,35.0
2,4996.5,3.2242333248081465,1,40.0
2,4393.0,3.0382925191086185,1,48.0
3,263.0,3.0382925191086185,1,19.0
2,873.0,3.0382925191086185,1,25.0
3,5053.0,3.0382925191086185,1,5.0
2,1641.0,3.0382925191086185,1,41.0
2,1140.0,3.0382925191086185,0,43.0
2,1689.0,3.0382925191086185,0,28.0
3,6666.0,3.164385411443798,0,36.0
2,3301.0,3.0382925191086185,1,3.0
0,5398.0,2.939921335737986,0,31.0
2,7066.0,3.0382925191086185,0,21.0
3,446.0,2.8140453322401124,1,17.0
1,8127.0,3.0382925191086185,1,26.0
2,5693.0,3.0382925191086185,0,17.0
0,1832.0,3.0382925191086185,0,26.0
2,9980.0,3.0382925191086185,1,1.0
2,7511.0,3.0382925191086185,1,33.0
2,1025.0,3.0382925191086185,0,5.0
2,1907.0,3.0382925191086185,0,16.0
2,3733.0,3.195066628364668,1,22.0
3,7288.0,3.0382925191086185,0,8.0
2,9037.0,3.0382925191086185,1,25.0
0,580.0,3.0382925191086185,0,17.0
2,4394.0,2.605273974754714,0,31.0
2,1642.0,3.0382925191086185,0,13.0
2,7985.0,3.0382925191086185,1,1.0
2,1362.0,3.0382925191086185,0,15.0
2,3225.0,3.0382925191086185,0,25.0
2,7287.0,3.0382925191086185,0,27.0
2,3687.0,2.929516446524409,1,11.0
2,2087.0,2.6473426988442728,0,37.0
3,6464.0,2.856853817349537,0,25.0
3,1947.0,3.0382925191086185,0,42.0
0,7681.0,2.873701777286475,0,33.0
1,8761.0,3.0382925191086185,0,9.0
0,5528.0,3.0382925191086185,0,35.0
2,5661.0,3.0382925191086185,1,3.0
1,855.0,2.8235123602780026,0,25.0
2,2420.0,3.0382925191086185,0,25.0
0,4878.0,3.0382925191086185,1,3.0
3,1136.0,3.0382925191086185,0,47.0
2,4996.5,3.503204175009356,0,14.0
2,7435.0,3.0382925191086185,0,7.0
2,6348.0,3.0382925191086185,0,40.0
2,2585.0,3.0382925191086185,0,40.0
2,6359.0,3.1004180410766056,0,17.0
2,8964.0,2.8540820764629067,1,25.0
2,4996.5,3.0382925191086185,1,25.0
2,1888.0,3.0382925191086185,0,37.0
2,6110.0,3.0382925191086185,1,43.0
2,3526.0,3.0382925191086185,0,8.0
2,9439.0,3.0382925191086185,0,32.0
2,3240.0,2.865361847955119,0,8.0
1,3263.0,3.0382925191086185,1,30.0
2,3261.0,3.0382925191086185,0,36.0
2,9392.0,3.0382925191086185,0,7.0
2,8889.0,3.369023777761577,0,7.0
2,8654.0,3.0382925191086185,0,45.0
2,1253.0,3.0382925191086185,0,20.0
2,740.0,3.0382925191086185,0,49.0
2,9185.0,3.0382925191086185,1,9.0
2,2408.0,3.0382925191086185,1,48.0
2,2074.0,3.324158950774632,1,27.0
2,7533.0,3.0382925191086185,0,25.0
2,206.0,3.0382925191086185,1,24.0
3,3745.0,3.0382925191086185,0,25.0
2,4900.0,3.0382925191086185,0,4.0
2,5737.0,3.0382925191086185,0,41.0
2,7045.0,3.0382925191086185,1,30.0
1,2013.0,3.0382925191086185,1,25.0
2,1394.0,3.0382925191086185,0,31.0
2,7465.0,3.0382925191086185,1,33.0
2,7701.0,3.0382925191086185,0,41.0
0,4843.0,3.0382925191086185,1,9.0
2,8736.0,3.0382925191086185,1,13.0
2,2427.0,3.0382925191086185,1,39.0
0,9622.0,3.0382925191086185,0,28.0
2,3168.0,3.0382925191086185,0,5.0
0,6649.0,3.0382925191086185,1,9.0
2,8623.0,3.274424870172603,0,30.0
3,4867.0,3.0382925191086185,0,5.0
2,3405.0,3.2177313525107145,0,40.0
2,4240.0,3.0382925191086185,0,48.0
2,341.0,2.752335863420391,0,21.0
2,4403.0,3.0382925191086185,0,49.0
3,4191.0,3.0382925191086185,0,43.0
2,3027.0,3.0382925191086185,1,0.0
2,2249.0,3.0382925191086185,0,49.0
2,8792.0,3.0382925191086185,0,18.0
3,979.0,3.0382925191086185,0,27.0
2,614.0,3.4127148718200613,0,28.0
3,2424.0,3.0393797248819894,1,32.0
0,5817.0,3.1619715145318223,0,24.0
3,6712.0,3.0382925191086185,0,36.0
2,4678.0,3.520867804304548,0,42.0
2,6026.0,3.0382925191086185,0,40.0
2,9460.0,3.2999186080605987,0,34.0
2,2352.0,3.0382925191086185,1,11.0
2,894.0,3.0382925191086185,0,17.0
2,752.0,3.0382925191086185,0,31.0
0,4745.0,3.0382925191086185,0,5.0
2,4874.0,3.0382925191086185,0,48.0
2,8777.0,3.312599490730886,0,27.0
2,347.0,3.0382925191086185,1,0.0
2,4996.5,3.0382925191086185,0,8.0
2,3151.0,3.0382925191086185,0,29.0
2,294.0,3.0382925191086185,0,38.0
2,3449.0,3.0382925191086185,0,25.0
1,3166.0,3.0382925191086185,1,20.0
2,6922.0,3.0382925191086185,0,40.0
2,3695.0,3.0382925191086185,0,4.0
2,5828.0,3.0382925191086185,0,25.0
2,5273.0,3.0382925191086185,0,26.0
2,1585.0,3.0382925191086185,0,25.0
2,5071.0,2.7004978855606154,1,27.0
2,3065.0,3.0382925191086185,0,29.0
2,3516.0,3.0382925191086185,0,28.0
2,879.0,3.0382925191086185,0,47.0
2,6503.0,3.0382925191086185,0,25.0
0,3200.0,3.0382925191086185,0,31.0
2,5320.0,3.0382925191086185,0,25.0
2,9076.0,3.0382925191086185,0,38.0
2,7930.0,3.0382925191086185,0,38.0
2,6582.0,3.0382925191086185,1,6.0
2,4355.0,3.0382925191086185,0,4.0
2,4990.0,3.354053530451088,0,25.0
2,2771.0,3.0382925191086185,1,25.0
2,3179.0,3.0382925191086185,1,48.0
1,2763.0,3.0382925191086185,0,16.0
2,2224.0,3.0382925191086185,1,25.0
2,1640.0,3.0382925191086185,1,36.0
3,5103.0,3.0382925191086185,0,3.0
0,3946.0,3.076960129851312,1,19.0
2,4996.5,3.0382925191086185,1,17.0
2,475.0,3.0382925191086185,0,20.0
2,5682.0,3.0382925191086185,1,6.0
2,7241.0,3.0382925191086185,0,25.0
2,3798.0,3.0382925191086185,0,25.0
2,9312.0,3.0382925191086185,1,36.0
2,6894.0,2.997893820621304,1,45.0
2,5001.0,3.0382925191086185,1,18.0
2,4521.0,3.0382925191086185,1,6.0
0,2047.0,2.8717484552718373,0,42.0
3,1198.0,3.0382925191086185,0,40.0
1,2449.0,3.0382925191086185,0,44.0
1,1243.0,3.0382925191086185,0,45.0
3,1090.0,3.0382925191086185,1,40.0
3,9562.0,3.0382925191086185,0,25.0
0,3810.0,3.0382925191086185,0,25.0
2,9502.0,3.0382925191086185,0,44.0
3,5271.0,3.41348378152788,1,25.0
1,7708.0,3.315785335982332,1,25.0
2,5371.0,3.0382925191086185,1,17.0
2,2865.0,3.0382925191086185,0,23.0
2,9441.0,3.0382925191086185,1,32.0
2,5520.0,3.0382925191086185,0,47.0
2,5048.0,3.0382925191086185,1,28.0
2,1526.0,3.0382925191086185,0,45.0
2,4996.5,3.0382925191086185,1,46.0
3,3823.0,3.0382925191086185,0,36.0
2,5702.0,3.349045531495934,0,3.0
0,3099.0,3.0382925191086185,1,5.0
2,5133.0,3.0382925191086185,1,25.0
1,2213.0,3.0382925191086185,0,46.0
2,4158.0,3.0382925191086185,0,34.0
0,4021.0,3.0382925191086185,1,44.0
2,6886.0,3.0382925191086185,0,18.0
2,6240.0,3.0382925191086185,1,27.0
2,9525.0,3.0382925191086185,0,13.0
2,5997.0,3.0382925191086185,0,10.0
2,6388.0,3.215387337019516,1,40.0
2,416.0,3.0382925191086185,0,5.0
2,1979.0,3.307428223822766,0,22.0
2,6890.0,3.0382925191086185,1,19.0
2,6321.0,3.0382925191086185,1,21.0
2,6174.0,3.0382925191086185,0,39.0
3,336.0,2.7361140845927165,0,40.0
2,7308.0,3.0382925191086185,0,26.0
2,7910.0,3.0382925191086185,1,35.0
1,7960.0,3.0382925191086185,0,4.0
2,4898.0,2.7313840037521038,0,0.0
2,8587.0,3.0382925191086185,0,18.0
2,9068.0,2.9422938023229386,0,19.0
2,4996.5,3.0382925191086185,0,42.0
2,1072.0,3.0382925191086185,1,23.0
3,6151.0,3.2384502324639404,0,15.0
1,7612.0,3.0382925191086185,1,30.0
2,1208.0,3.0382925191086185,0,41.0
1,9436.0,3.0382925191086185,1,7.0
0,4481.0,3.0382925191086185,0,11.0
2,2312.0,3.3255622754078424,1,16.0
2,2770.0,3.0382925191086185,0,25.0
2,2603.0,3.0382925191086185,0,25.0
2,8300.0,3.2552429557528915,1,25.0
3,795.0,3.0382925191086185,1,8.0
0,1516.0,3.0382925191086185,0,14.0
0,7535.0,2.684755826345504,0,13.0
2,6679.0,3.0382925191086185,0,21.0
2,9725.0,3.0382925191086185,1,49.0
3,7628.0,3.0382925191086185,0,15.0
2,8104.0,3.172666912617823,0,23.0
2,4197.0,3.0382925191086185,0,15.0
2,9522.0,3.0382925191086185,0,29.0
2,6951.0,3.0382925191086185,1,32.0
2,5351.0,3.0382925191086185,0,1.0
2,7740.0,3.0382925191086185,1,16.0
2,6005.0,3.0382925191086185,0,25.0
2,3675.0,3.0382925191086185,0,16.0
2,654.0,3.0382925191086185,0,14.0
1,2775.0,3.0382925191086185,0,11.0
2,4404.0,3.0382925191086185,0,13.0
2,774.0,3.0382925191086185,1,11.0
0,5319.0,3.014013130153677,0,25.0
0,286.0,3.0382925191086185,0,22.0
2,4979.0,3.0382925191086185,0,25.0
2,9634.0,3.0382925191086185,1,22.0
3,2497.0,3.0382925191086185,0,25.0
2,4276.0,3.0382925191086185,1,25.0
2,6506.0,3.0382925191086185,0,21.0
2,1179.0,3.0382925191086185,1,6.0
2,131.0,3.0382925191086185,0,39.0
3,7648.0,3.107604524312912,1,20.0
2,500.0,3.0382925191086185,1,27.0
2,5357.0,3.0382925191086185,1,33.0
2,2676.0,3.0382925191086185,1,33.0
2,1898.0,3.0382925191086185,0,24.0
2,404.0,3.0382925191086185,0,32.0
2,8368.0,3.0382925191086185,0,36.0
1,3282.0,3.0382925191086185,1,49.0
3,3890.0,3.0382925191086185,0,46.0
2,2828.0,3.0382925191086185,0,23.0
2,1216.0,3.0382925191086185,0,32.0
2,551.0,3.0382925191086185,0,25.0
2,6248.0,3.0382925191086185,0,15.0
0,4996.5,3.0382925191086185,1,48.0
2,2652.0,3.0382925191086185,0,34.0
2,3303.0,3.0382925191086185,1,1.0
2,7488.0,3.0382925191086185,1,25.0
3,1172.0,3.0382925191086185,1,24.0
2,9812.0,3.0382925191086185,0,29.0
1,7431.0,3.5174456287046185,1,20.0
2,6956.0,3.0382925191086185,1,16.0
2,9012.0,3.0382925191086185,1,21.0
2,8412.0,3.0382925191086185,1,31.0
2,9083.0,3.0382925191086185,0,44.0
2,7418.0,3.0382925191086185,0,36.0
2,5235.0,3.1558870151813907,0,32.0
0,108.0,3.0382925191086185,0,24.0
2,2278.0,3.0382925191086185,0,28.0
3,6423.0,3.10485260035262,0,25.0
2,225.0,3.0382925191086185,1,39.0
2,1408.0,3.0382925191086185,0,33.0
1,2875.0,2.6846062729408637,0,13.0
2,8488.0,3.0382925191086185,1,37.0
2,1936.0,3.0382925191086185,0,32.0
2,7578.0,3.0382925191086185,1,35.0
2,2142.0,3.215238093113683,0,25.0
2,7834.0,3.0382925191086185,0,30.0
2,3343.0,3.0382925191086185,0,6.0
2,4173.0,3.0382925191086185,1,28.0
0,1270.0,3.0382925191086185,0,41.0
2,5952.0,3.0382925191086185,0,41.0
2,4971.0,3.0382925191086185,0,11.0
0,1456.0,3.0382925191086185,0,41.0
1,854.0,3.0382925191086185,1,24.0
0,9943.0,3.0382925191086185,0,48.0
3,6564.0,3.0382925191086185,1,23.0
1,1558.0,3.0382925191086185,0,17.0
2,7560.0,3.0382925191086185,0,36.0
1,3182.0,3.0382925191086185,0,25.0
2,5821.0,3.0382925191086185,1,31.0
2,2664.0,3.0382925191086185,1,35.0
2,1337.0,3.02988402203704,1,29.0
2,8028.0,3.0382925191086185,0,28.0
2,9267.0,3.0382925191086185,0,4.0
2,7682.0,3.0382925191086185,1,45.0
2,7462.0,3.3539213397905656,0,23.0
2,7939.0,3.0382925191086185,0,45.0
2,1109.0,3.0382925191086185,0,25.0
2,6847.0,3.0382925191086185,0,23.0
2,8393.0,3.0382925191086185,0,19.0
2,7043.0,2.7081399427904227,0,28.0
2,4739.0,3.0382925191086185,1,0.0
1,395.0,3.0382925191086185,0,40.0
0,9341.0,3.0382925191086185,0,19.0
1,289.0,3.0382925191086185,0,31.0
2,5687.0,3.0382925191086185,0,30.0
0,6872.0,3.0382925191086185,0,29.0
1,8766.0,3.383382749156587,0,24.0
3,4709.0,3.0382925191086185,0,17.0
2,8181.0,3.0382925191086185,0,30.0
2,4250.0,3.367146431304469,1,25.0
3,875.0,2.873781117013584,1,28.0
2,4996.5,3.0382925191086185,0,11.0
1,4310.0,3.0382925191086185,1,13.0
3,3698.0,3.0382925191086185,0,28.0
2,7500.0,3.0382925191086185,0,27.0
2,9465.0,3.0382925191086185,1,44.0
3,112.0,3.0382925191086185,0,48.0
2,2241.0,3.0382925191086185,0,25.0
1,8056.0,3.0382925191086185,1,25.0
2,4312.0,3.0382925191086185,1,11.0
2,2317.0,3.0382925191086185,0,14.0
1,8854.0,3.0382925191086185,1,25.0
2,7173.0,3.0382925191086185,0,39.0
2,3150.0,3.0382925191086185,0,18.0
2,7412.0,3.0382925191086185,0,28.0
2,3947.0,3.2682548655795305,0,31.0
2,2753.0,3.0382925191086185,1,8.0
2,6069.0,3.0382925191086185,1,15.0
0,6606.0,3.0382925191086185,1,25.0
2,6499.0,3.1830940620473043,1,15.0
1,4382.0,2.74450124932976,0,39.0
2,9971.0,3.1229562633586427,0,22.0
3,7379.0,3.0382925191086185,0,34.0
2,290.0,3.0382925191086185,0,20.0
1,2320.0,3.0382925191086185,1,38.0
2,966.0,3.3751294751044227,1,3.0
2,1602.0,3.0382925191086185,0,23.0
2,6967.0,3.0382925191086185,0,18.0
2,6249.0,3.3073825418193743,1,34.0
2,3424.0,3.0382925191086185,0,30.0
2,5295.0,2.6085957725537545,0,37.0
2,5827.0,3.0382925191086185,1,2.0
2,6518.0,3.0382925191086185,0,15.0
2,6585.0,3.0382925191086185,0,36.0
2,9054.0,3.0382925191086185,0,25.0
2,2749.0,3.0382925191086185,1,30.0
2,3464.0,2.9259941845464,0,46.0
2,3221.0,3.0382925191086185,0,1.0
2,2151.0,3.242911543048796,0,2.0
2,7309.0,3.0382925191086185,0,8.0
0,1814.0,3.0382925191086185,0,32.0
2,8745.0,3.0382925191086185,0,6.0
0,3513.0,3.0382925191086185,0,47.0
2,1177.0,2.801337939049694,0,4.0
1,5449.0,3.0382925191086185,0,29.0
2,563.0,3.0382925191086185,0,9.0
3,2442.0,3.0382925191086185,0,2.0
2,4996.5,3.0382925191086185,0,43.0
2,3991.0,3.0382925191086185,0,15.0
2,3367.0,3.118111376456621,1,27.0
2,7489.0,3.0382925191086185,1,36.0
2,849.0,3.0382925191086185,0,4.0
2,7952.0,3.0382925191086185,0,16.0
2,3089.0,3.318273233084585,0,30.0
2,3868.0,3.0382925191086185,0,17.0
2,5413.0,3.0382925191086185,0,10.0
2,1414.0,3.0382925191086185,0,30.0
2,3304.0,3.0382925191086185,1,25.0
3,6426.0,3.0382925191086185,1,1.0
2,2144.0,3.0382925191086185,1,38.0
1,5297.0,3.0382925191086185,0,48.0
2,3272.0,2.735124970476231,0,25.0
2,6383.0,3.0382925191086185,0,1.0
2,7024.0,3.0382925191086185,1,30.0
0,4290.0,3.0382925191086185,0,21.0
2,7949.0,3.0382925191086185,0,31.0
2,1778.0,3.0382925191086185,1,24.0
2,8871.0,3.246428036533583,1,37.0
2,3856.0,3.0382925191086185,0,23.0
2,4442.0,3.384609225952085,1,47.0
2,3748.0,3.1913696629535826,0,25.0
2,233.0,3.0382925191086185,0,28.0
0,5974.0,3.0382925191086185,0,48.0
2,4697.0,2.6385382204379733,1,49.0
2,7565.0,3.0382925191086185,0,18.0
1,9809.0,3.0382925191086185,0,25.0
2,2973.0,3.0382925191086185,0,5.0
2,364.0,3.0382925191086185,0,5.0
2,1729.0,3.0382925191086185,0,3.0
2,5589.0,2.9916124488947484,0,20.0
2,171.0,3.0382925191086185,1,30.0
2,5345.0,3.266093754504817,1,32.0
2,8642.0,3.0382925191086185,1,2.0
0,5374.0,3.0382925191086185,0,29.0
2,6550.0,3.484068820264633,0,16.0
3,1230.0,3.0382925191086185,0,27.0
2,4996.5,3.3285171503992843,1,20.0
0,7967.0,2.6920837831256943,0,48.0
2,3513.0,3.0382925191086185,0,26.0
1,2242.0,3.0382925191086185,0,27.0
1,9381.0,3.0382925191086185,1,7.0
2,769.0,3.0382925191086185,0,35.0
2,805.0,3.0382925191086185,1,29.0
2,7499.0,3.5163724661934577,0,41.0
0,5832.0,3.0382925191086185,1,25.0
2,8208.0,3.0382925191086185,1,24.0
2,7806.0,3.1777070256102387,0,46.0
2,5377.0,3.0382925191086185,0,37.0
3,2538.0,3.351180437598712,0,30.0
0,2047.0,3.0382925191086185,0,37.0
2,3325.0,3.0382925191086185,0,41.0
2,4604.0,3.0382925191086185,0,25.0
0,4124.0,3.0382925191086185,0,15.0
2,3492.0,3.0382925191086185,0,32.0
2,3668.0,3.0382925191086185,1,20.0
0,5440.0,3.0382925191086185,0,25.0
0,1516.0,3.0653659552351487,1,26.0
2,4899.0,3.0382925191086185,1,2.0
2,4610.0,3.0382925191086185,0,16.0
2,6583.0,3.0382925191086185,1,19.0
2,2697.0,3.0382925191086185,1,6.0
1,1230.0,3.0382925191086185,0,45.0
2,8440.0,3.0382925191086185,1,48.0
0,6458.0,3.0382925191086185,0,11.0
2,9386.0,3.0382925191086185,0,27.0
3,1659.0,3.4254005767757496,0,25.0
2,4235.0,3.0382925191086185,1,8.0
2,3511.0,3.0382925191086185,0,39.0
1,9217.0,3.0382925191086185,0,25.0
3,583.0,3.0382925191086185,0,18.0
2,6559.0,3.380128895145642,1,21.0
2,531.0,3.0382925191086185,0,6.0
2,9994.0,3.0382925191086185,0,4.0
2,4996.5,3.0382925191086185,1,35.0
2,4555.0,3.0382925191086185,0,47.0
0,1883.0,3.4573934291458968,1,3.0
2,2922.0,3.0382925191086185,0,27.0
2,9054.0,3.0382925191086185,1,28.0
2,1088.0,3.0382925191086185,0,27.0
2,1407.0,3.0382925191086185,1,7.0
3,9313.0,2.957391033821263,0,34.0
2,1305.0,3.0382925191086185,0,34.0
2,4996.5,3.0382925191086185,0,15.0
2,9858.0,3.0382925191086185,0,4.0
0,1988.0,3.0382925191086185,0,25.0
2,6519.0,3.0382925191086185,0,20.0
1,4996.5,2.9951656789660093,0,36.0
1,4466.0,2.6048441093716592,0,17.0
0,8361.0,3.0382925191086185,0,25.0
2,4375.0,2.848049382977214,0,28.0
2,8397.0,3.0382925191086185,0,49.0
2,1574.0,3.0382925191086185,1,13.0
2,3980.0,2.7020552632398904,0,6.0
2,6600.0,3.0382925191086185,0,27.0
2,3292.0,3.0382925191086185,0,45.0
2,9365.0,3.0382925191086185,0,10.0
2,8853.0,3.0382925191086185,0,41.0
2,7370.0,3.0382925191086185,0,21.0
2,1125.0,2.84810954028506,0,40.0
3,4879.0,3.0382925191086185,0,25.0
2,3533.0,3.0382925191086185,0,30.0
3,4078.0,3.0382925191086185,0,23.0
2,8748.0,3.0382925191086185,0,45.0
2,7626.0,3.0382925191086185,1,25.0
2,9615.0,2.845403294594589,0,41.0
2,1632.0,3.0382925191086185,1,39.0
2,501.0,3.0382925191086185,1,27.0
2,8055.0,2.6930836584505307,0,47.0
2,1548.0,3.0382925191086185,0,30.0
2,1832.0,3.0382925191086185,0,21.0
3,7705.0,3.0382925191086185,1,10.0
2,4996.5,2.8925315172960264,0,34.0
2,5136.0,3.33863349293888,0,21.0
3,7587.0,2.849221144356389,0,33.0
2,4996.5,3.0382925191086185,0,37.0
2,1606.0,3.0382925191086185,0,35.0
1,6219.0,3.0382925191086185,1,3.0
2,9824.0,3.0382925191086185,1,12.0
0,5925.0,3.3808196880250336,0,43.0
2,4032.0,3.0382925191086185,0,9.0
1,1160.0,3.3629090517254503,1,33.0
2,3939.0,3.0382925191086185,0,19.0
2,6090.0,3.0382925191086185,0,20.0
2,9200.0,2.975865770600746,0,36.0
1,3858.0,3.0382925191086185,0,5.0
2,7421.0,3.0382925191086185,1,25.0
2,2461.0,3.0382925191086185,1,30.0
2,8355.0,3.0382925191086185,0,33.0
2,1541.0,3.0382925191086185,0,4.0
3,1991.0,3.0382925191086185,0,48.0
2,8502.0,3.0382925191086185,1,1.0
2,9515.0,3.0382925191086185,1,20.0
2,9713.0,3.0382925191086185,1,7.0
0,4996.5,3.0382925191086185,1,42.0
3,8350.0,3.0382925191086185,0,36.0
1,6956.0,3.0382925191086185,0,9.0
2,1455.0,3.0382925191086185,1,9.0
2,6920.0,3.4986347161366407,0,21.0
2,8544.0,3.0382925191086185,0,25.0
1,9588.0,3.0382925191086185,0,26.0
3,7204.0,3.0382925191086185,1,47.0
2,4540.0,3.0382925191086185,1,43.0
1,1269.0,3.0382925191086185,0,48.0
2,7228.0,3.0382925191086185,1,13.0
2,8189.0,3.411848156695279,0,45.0
2,8956.0,3.0382925191086185,1,28.0
2,1358.0,3.0382925191086185,1,47.0
2,7272.0,2.700906849936601,1,37.0
2,1551.0,3.1811283048975403,1,24.0
2,3360.0,3.3350681660787798,1,25.0
2,1086.0,3.0330069590254403,1,12.0
1,9435.0,3.0382925191086185,1,28.0
2,1383.0,3.0382925191086185,1,33.0
2,2482.0,3.0382925191086185,0,27.0
2,7610.0,3.45429992558047,1,18.0
2,4631.0,3.0382925191086185,0,27.0
1,6014.0,2.740670957561945,0,7.0
2,8425.0,2.9068063633153094,0,9.0
2,8988.0,3.0382925191086185,1,13.0
2,8534.0,3.0382925191086185,0,15.0
2,4996.5,3.0382925191086185,0,1.0
2,232.0,3.0382925191086185,0,28.0
3,1818.0,3.0382925191086185,1,23.0
2,7454.0,3.0382925191086185,0,35.0
0,4124.0,3.0382925191086185,1,9.0
2,4996.5,3.0382925191086185,1,16.0
2,3148.0,3.0382925191086185,0,21.0
3,1392.0,3.0382925191086185,0,19.0
2,4996.5,3.0382925191086185,1,26.0
2,3555.0,3.0382925191086185,0,25.0
2,1567.0,3.0382925191086185,0,18.0
2,5245.0,3.0382925191086185,0,22.0
2,4001.0,3.0382925191086185,1,21.0
2,4087.0,3.0382925191086185,0,4.0
2,6382.0,3.0382925191086185,0,25.0
2,8198.0,2.676582154903519,0,0.0
2,4996.5,3.0382925191086185,1,5.0
2,1864.0,3.0382925191086185,1,38.0
2,3961.0,3.3236559158554635,1,17.0
2,4316.0,3.0382925191086185,0,26.0
2,9215.0,3.204453134685181,1,8.0
2,5398.0,3.0382925191086185,0,29.0
3,2408.0,3.032031230888091,1,23.0
3,5256.0,3.0382925191086185,1,27.0
2,4996.5,3.0382925191086185,1,45.0
0,401.0,3.0382925191086185,0,17.0
2,9240.0,3.0382925191086185,0,24.0
2,1802.0,3.0382925191086185,0,42.0
1,2001.0,3.0382925191086185,0,25.0
1,3408.0,3.0382925191086185,1,34.0
2,7642.0,3.0382925191086185,0,0.0
0,1285.0,3.318983323315053,0,43.0
2,3829.0,3.0382925191086185,0,25.0
2,3426.0,2.9278370338478363,0,0.0
2,3606.0,3.0382925191086185,1,25.0
2,4996.5,3.1823089747768463,1,12.0
2,2792.0,3.0382925191086185,1,13.0
2,3638.0,3.0382925191086185,0,25.0
3,1487.0,3.0382925191086185,0,11.0
1,6581.0,3.0382925191086185,0,11.0
2,2516.0,3.0382925191086185,0,9.0
3,6665.0,3.0382925191086185,0,24.0
2,9620.0,3.0382925191086185,0,2.0
2,580.0,3.0382925191086185,0,38.0
2,1838.0,3.2382792922433934,1,48.0
3,1062.0,3.0382925191086185,0,40.0
2,7524.0,3.0382925191086185,1,13.0
1,2743.0,3.0382925191086185,1,6.0
2,4883.0,3.0382925191086185,0,9.0
0,3539.0,3.0382925191086185,0,41.0
2,1409.0,3.0382925191086185,0,13.0
2,3238.0,3.0382925191086185,0,25.0
2,377.0,3.0382925191086185,0,27.0
1,2134.0,3.1163714465775616,1,0.0
2,5532.0,2.811304891818366,0,33.0
2,7953.0,2.73007516391511,1,49.0
2,9044.0,3.0382925191086185,0,42.0
2,7622.0,3.0382925191086185,0,45.0
2,1044.0,3.0382925191086185,0,49.0
2,7669.0,2.9599267600503087,1,30.0
3,2581.0,3.0382925191086185,0,34.0
2,5096.0,3.262752043673104,1,36.0
2,2842.0,3.0382925191086185,1,44.0
2,8351.0,3.0382925191086185,0,23.0
1,8442.0,3.0382925191086185,0,1.0
2,7097.0,2.776603234821165,1,49.0
2,2954.0,3.0382925191086185,0,1.0
3,3496.0,3.372831657780841,0,23.0
2,9728.0,3.0382925191086185,1,40.0
2,9636.0,3.0382925191086185,0,30.0
2,5205.0,3.0382925191086185,0,37.0
2,6045.0,3.0382925191086185,0,42.0
0,2156.0,3.0382925191086185,1,36.0
2,4052.0,3.0382925191086185,1,0.0
2,1297.0,3.0382925191086185,0,8.0
2,4205.0,3.0382925191086185,1,24.0
2,1611.0,3.0382925191086185,0,9.0
2,8582.0,2.897529265921202,1,19.0
2,8226.0,3.0382925191086185,0,31.0
0,3710.0,3.0382925191086185,0,16.0
3,5389.0,3.0382925191086185,0,25.0
2,4790.0,3.0382925191086185,0,37.0
2,3340.0,3.0382925191086185,0,21.0
2,2028.0,3.0382925191086185,1,38.0
3,9613.0,3.0382925191086185,0,33.0
3,4558.0,3.0382925191086185,1,41.0
2,5641.0,3.0382925191086185,1,47.0
2,7273.0,3.0382925191086185,0,25.0
1,9134.0,3.0382925191086185,1,23.0
2,1619.0,2.800301293712745,1,33.0
3,7368.0,3.0382925191086185,0,25.0
2,8173.0,3.0382925191086185,0,25.0
2,2646.0,3.0382925191086185,0,15.0
3,761.0,3.4385555674438284,0,40.0
0,177.0,3.0382925191086185,0,25.0
2,7136.0,3.0382925191086185,1,12.0
2,4045.0,2.8659416778237192,0,20.0
2,9027.0,3.0382925191086185,1,28.0
0,2204.0,3.0382925191086185,0,18.0
0,1601.0,3.0382925191086185,1,13.0
2,9907.0,3.0382925191086185,1,25.0
2,2013.0,3.0382925191086185,0,37.0
0,7037.0,3.0382925191086185,0,45.0
2,3202.0,3.0382925191086185,0,30.0
2,2471.0,3.0382925191086185,1,41.0
2,9694.0,3.0382925191086185,0,7.0
2,4059.0,3.0382925191086185,1,14.0
3,2158.0,3.0382925191086185,0,44.0
2,6142.0,2.845211177284195,0,10.0
2,3283.0,3.3276488524552934,0,18.0
2,4299.0,3.0382925191086185,0,7.0
2,4996.5,3.0382925191086185,0,9.0
0,3134.0,3.0382925191086185,1,23.0
0,8204.0,3.0382925191086185,0,6.0
2,716.0,3.0382925191086185,0,27.0
1,2720.0,3.0382925191086185,0,22.0
0,6758.0,3.0382925191086185,1,13.0
2,1574.0,3.0382925191086185,0,22.0
2,3272.0,3.4140029608940026,0,21.0
2,7198.0,3.0382925191086185,0,39.0
2,4996.5,3.0382925191086185,1,26.0
2,7058.0,3.0382925191086185,0,25.0
2,1032.0,3.0382925191086185,0,7.0
2,3645.0,3.0382925191086185,0,40.0
2,2232.0,2.611998098814573,1,25.0
2,4056.0,3.2831517866747566,1,19.0
0,2157.0,3.0382925191086185,0,40.0
2,2233.0,2.8879484602004277,0,39.0
2,6697.0,3.0382925191086185,0,5.0
1,6999.0,3.0382925191086185,1,33.0
2,2900.0,3.0382925191086185,0,19.0
2,5114.0,3.1160374117652623,1,20.0
2,3629.0,2.9488264288766954,1,47.0
2,5905.0,3.0382925191086185,1,31.0
2,6634.0,3.0382925191086185,1,15.0
3,629.0,3.0382925191086185,0,2.0
2,1861.0,3.0382925191086185,0,44.0
0,4938.0,2.9784835970165453,0,0.0
2,4996.5,3.0382925191086185,1,28.0
2,9223.0,3.0382925191086185,0,18.0
2,1561.0,3.2004391967919705,1,0.0
2,1303.0,3.0382925191086185,0,4.0
2,2376.0,3.0382925191086185,1,25.0
2,5019.0,3.0382925191086185,0,46.0
2,4841.0,2.806047931616952,0,33.0
2,6973.0,3.16106293507514,1,39.0
2,7441.0,3.0382925191086185,0,19.0
2,7471.0,3.0382925191086185,1,0.0
2,5061.0,3.0382925191086185,0,42.0
0,9813.0,3.0382925191086185,0,25.0
2,825.0,3.0382925191086185,0,14.0
2,5474.0,3.0382925191086185,1,44.0
2,6980.0,3.0382925191086185,1,20.0
2,8653.0,3.0382925191086185,0,27.0
2,9022.0,3.0382925191086185,1,33.0
1,4132.0,3.0382925191086185,0,39.0
3,454.0,2.6905264080381817,1,32.0
2,8301.0,3.0382925191086185,0,15.0
2,2101.0,3.0382925191086185,0,35.0
2,8317.0,3.0382925191086185,1,41.0
2,907.0,3.0382925191086185,1,0.0
2,8069.0,3.0382925191086185,0,25.0
2,307.0,3.0382925191086185,0,46.0
1,5220.0,3.0382925191086185,0,20.0
2,3227.0,3.0382925191086185,0,3.0
2,4683.0,3.0382925191086185,0,40.0
3,1365.0,3.0382925191086185,0,29.0
2,9674.0,3.0382925191086185,1,42.0
1,3187.0,3.0382925191086185,0,33.0
2,5294.0,3.168258002074569,1,38.0
2,719.0,3.0382925191086185,1,24.0
1,138.0,3.0382925191086185,0,21.0
2,4996.5,3.0382925191086185,0,25.0
3,3427.0,3.0382925191086185,1,25.0
3,6011.0,3.0382925191086185,0,25.0
2,4890.0,3.0382925191086185,1,19.0
2,4460.0,3.0382925191086185,0,9.0
2,2310.0,3.0382925191086185,0,35.0
2,6368.0,3.0382925191086185,1,2.0
2,9811.0,3.0382925191086185,0,27.0
2,539.0,3.0382925191086185,1,16.0
2,9029.0,3.0382925191086185,0,31.0
2,6780.0,2.904438245398937,0,9.0
2,7002.0,3.0382925191086185,1,19.0
2,6806.0,3.0382925191086185,0,32.0
2,8433.0,3.0382925191086185,1,40.0
2,1476.0,3.0382925191086185,0,1.0
1,7555.0,3.0382925191086185,0,43.0
2,1857.0,2.8763061330729176,0,14.0
2,2694.0,3.0382925191086185,0,27.0
0,597.0,3.0382925191086185,0,37.0
2,4663.0,3.0382925191086185,0,32.0
2,2300.0,3.0382925191086185,0,25.0
2,8641.0,3.0382925191086185,1,11.0
2,4392.0,3.0382925191086185,1,33.0
3,4961.0,3.0382925191086185,0,44.0
2,4167.0,3.0382925191086185,1,25.0
2,483.0,3.0382925191086185,1,12.0
0,688.0,3.0382925191086185,0,3.0
3,220.0,3.0382925191086185,0,33.0
2,7578.0,3.0382925191086185,1,15.0
2,4155.0,3.0382925191086185,0,28.0
0,4431.0,3.0382925191086185,1,23.0
2,8911.0,3.0382925191086185,1,25.0
2,2287.0,3.138240023441268,0,7.0
0,866.0,3.1798056248119595,0,37.0
2,6445.0,3.0382925191086185,0,17.0
2,7879.0,3.219373583548148,0,26.0
2,4269.0,2.736506752748401,0,36.0
2,4116.0,3.0382925191086185,1,40.0
2,7039.0,3.0382925191086185,1,21.0
2,9574.0,3.0382925191086185,0,35.0
2,4996.5,3.320700714822716,1,49.0
2,147.0,3.3370857650904133,1,25.0
0,3693.0,3.0382925191086185,0,5.0
2,1193.0,3.0382925191086185,0,49.0
2,6710.0,3.0382925191086185,0,33.0
2,3318.0,3.0382925191086185,1,38.0
2,993.0,3.0382925191086185,1,34.0
2,2756.0,3.0382925191086185,0,0.0
2,6186.0,3.0382925191086185,0,25.0
3,6702.0,3.0382925191086185,0,25.0
0,6258.0,3.0382925191086185,1,8.0
0,6001.0,3.0382925191086185,0,47.0
3,5229.0,3.0382925191086185,1,37.0
2,533.0,3.0382925191086185,0,25.0
3,266.0,3.0382925191086185,0,30.0
2,5768.0,3.0382925191086185,1,17.0
2,6998.0,3.0382925191086185,0,47.0
2,9359.0,3.0382925191086185,0,16.0
2,6759.0,3.0382925191086185,1,14.0
2,3274.0,3.0382925191086185,1,20.0
0,8139.0,3.0382925191086185,0,33.0
2,632.0,3.0382925191086185,0,20.0
0,7484.0,3.3452162889901467,0,40.0
2,7176.0,3.402119150266997,0,17.0
2,8562.0,3.0382925191086185,0,0.0
2,6363.0,3.0382925191086185,1,13.0
1,3370.0,3.0382925191086185,0,48.0
0,4865.0,3.0382925191086185,0,41.0
2,6655.0,3.0382925191086185,0,43.0
2,7983.0,3.3766454980299714,1,24.0
2,9170.0,3.0382925191086185,1,30.0
1,6566.0,3.0382925191086185,0,39.0
2,6262.0,2.957987474456888,1,29.0
0,3507.0,3.0382925191086185,0,25.0
2,7487.0,3.0382925191086185,0,9.0
2,7556.0,3.0382925191086185,1,19.0
2,4370.0,2.824532235331904,0,24.0
1,9419.0,3.0382925191086185,0,32.0
2,558.0,3.0382925191086185,0,23.0
2,9337.0,3.0382925191086185,0,13.0
0,3330.0,2.9223576661082267,0,17.0
2,6768.0,3.0382925191086185,0,1.0
0,883.0,3.0382925191086185,1,42.0
2,1190.0,3.0382925191086185,1,2.0
2,9790.0,3.329885458571731,0,23.0
2,6743.0,2.71694487923501,0,44.0
0,4013.0,3.0382925191086185,1,46.0
2,7307.0,3.0382925191086185,0,14.0
2,5000.0,3.0382925191086185,1,11.0
2,863.0,3.0382925191086185,0,30.0
3,4094.0,2.927543713075091,1,25.0
3,3931.0,3.0382925191086185,1,34.0
2,5700.0,3.0382925191086185,0,36.0
2,3748.0,3.0382925191086185,1,28.0
2,6687.0,3.0382925191086185,1,25.0
3,7598.0,3.0382925191086185,1,27.0
2,8578.0,3.0382925191086185,0,48.0
1,954.0,3.1230736960330745,0,20.0
2,269.0,3.0382925191086185,1,49.0
2,7210.0,2.7649441263512013,1,14.0
2,9488.0,3.0382925191086185,0,25.0
2,4506.0,3.0382925191086185,0,41.0
2,3454.0,3.0382925191086185,0,35.0
2,8863.0,3.0382925191086185,1,48.0
3,9256.0,3.0382925191086185,1,8.0
2,7343.0,3.0382925191086185,0,25.0
2,3217.0,3.0382925191086185,1,8.0
2,9205.0,3.0382925191086185,0,45.0
0,5153.0,3.0382925191086185,0,29.0
1,4927.0,3.0382925191086185,1,17.0
0,3874.0,3.266132410356098,0,0.0
2,9543.0,3.0382925191086185,0,36.0
2,3782.0,3.0382925191086185,0,15.0
2,4996.5,3.0382925191086185,0,7.0
2,2337.0,2.608383373223816,1,25.0
2,9238.0,3.0382925191086185,0,39.0
2,4621.0,3.0382925191086185,0,25.0
2,2763.0,3.0382925191086185,1,41.0
2,6790.0,3.0382925191086185,0,26.0
2,2433.0,3.0382925191086185,0,16.0
2,9030.0,3.0382925191086185,0,32.0
1,4258.0,3.0382925191086185,0,34.0
2,3070.0,3.0382925191086185,1,46.0
2,2846.0,2.8778461725300266,1,28.0
2,5562.0,3.3132845156488995,0,6.0
2,894.0,3.0382925191086185,1,2.0
2,6742.0,3.0382925191086185,1,11.0
2,4820.0,2.7722747646944583,0,45.0
1,7238.0,3.0382925191086185,0,15.0
2,9252.0,3.0382925191086185,0,25.0
0,2963.0,3.0382925191086185,1,6.0
2,8269.0,3.0382925191086185,0,44.0
2,2558.0,3.0382925191086185,1,1.0
0,6700.0,2.737587965062941,0,42.0
2,8200.0,3.1024709886900377,0,6.0
2,4887.0,3.0382925191086185,1,18.0
2,3247.0,3.0382925191086185,0,44.0
2,6760.0,3.0382925191086185,0,6.0
2,1112.0,3.0382925191086185,1,34.0
2,1248.0,3.0382925191086185,1,5.0
3,4568.0,3.0382925191086185,0,47.0
0,9098.0,2.832589819631472,1,41.0
2,205.0,3.0382925191086185,1,24.0
2,6277.0,3.0382925191086185,1,5.0
0,3282.0,3.0382925191086185,0,38.0
1,4378.0,3.0382925191086185,1,37.0
3,8324.0,3.0382925191086185,0,3.0
2,7165.0,3.0382925191086185,1,21.0
2,3974.0,3.0382925191086185,0,49.0
0,4421.0,3.0382925191086185,0,23.0
2,3618.0,3.47640316737492,0,15.0
2,3791.0,2.8362483968342604,0,20.0
2,3411.0,3.0382925191086185,0,27.0
2,9974.0,3.0382925191086185,1,9.0
2,3861.0,3.0382925191086185,0,26.0
2,5806.0,3.0382925191086185,1,45.0
2,4154.0,3.0382925191086185,1,25.0
3,4212.0,3.0382925191086185,0,14.0
0,2074.0,3.0382925191086185,0,38.0
2,4455.0,3.0382925191086185,0,13.0
2,7111.0,3.0382925191086185,1,15.0
2,976.0,3.0382925191086185,1,12.0
2,5329.0,3.0382925191086185,0,28.0
2,2113.0,3.0382925191086185,1,44.0
2,4996.5,3.0382925191086185,0,30.0
2,1671.0,3.3712212133750774,0,7.0
0,6389.0,3.0382925191086185,0,12.0
2,3811.0,3.0382925191086185,0,19.0
0,6578.0,2.8755560865102137,1,37.0
2,8630.0,3.0382925191086185,1,7.0
2,7906.0,3.0382925191086185,0,25.0
3,7756.0,3.0382925191086185,0,7.0
2,2320.0,3.0382925191086185,1,39.0
2,4299.0,3.0382925191086185,1,35.0
2,1912.0,3.0382925191086185,0,41.0
1,6199.0,3.0382925191086185,1,0.0
0,3563.0,3.515513302884387,1,45.0
2,354.0,2.627155679606655,0,36.0
2,5238.0,3.0382925191086185,0,45.0
2,2415.0,3.0382925191086185,0,18.0
2,948.0,3.0382925191086185,1,39.0
2,4996.5,3.0382925191086185,0,42.0
1,3394.0,2.852289927135028,1,11.0
2,8124.0,3.0382925191086185,1,40.0
2,4239.0,3.0382925191086185,1,8.0
2,7593.0,3.220679722331297,1,40.0
2,4808.0,3.0382925191086185,1,19.0
1,4802.0,3.0382925191086185,1,31.0
2,499.0,2.669893188515572,0,25.0
2,6524.0,3.0382925191086185,1,15.0
2,5264.0,3.0382925191086185,0,33.0
3,8796.0,3.0382925191086185,1,38.0
2,6725.0,3.1199745800804,0,41.0
2,4638.0,2.920436725482656,0,8.0
2,4574.0,3.050368970333217,0,9.0
2,1407.0,2.691285206035733,0,22.0
3,6904.0,3.0382925191086185,0,17.0
2,6654.0,3.0382925191086185,0,45.0
2,3073.0,3.0382925191086185,1,35.0
2,4766.0,3.0662308882415137,0,41.0
2,5055.0,3.0382925191086185,0,44.0
2,4057.0,2.707933553206199,1,6.0
2,9580.0,2.8445022346058857,0,29.0
2,4996.5,3.0382925191086185,1,25.0
3,4920.0,3.0382925191086185,0,48.0
2,1728.0,3.0382925191086185,0,19.0
2,9129.0,2.952189318048992,0,11.0
2,5393.0,3.0382925191086185,1,6.0
2,7216.0,3.0382925191086185,0,47.0
2,4996.5,3.0382925191086185,0,8.0
3,4853.0,3.0382925191086185,1,5.0
2,6708.0,3.0382925191086185,1,48.0
2,803.0,3.0382925191086185,0,1.0
1,2775.0,3.0382925191086185,0,43.0
0,7601.0,2.8804799527058487,1,26.0
2,8754.0,3.146058946307494,1,27.0
1,6942.0,3.0382925191086185,0,1.0
2,7795.0,3.0382925191086185,0,12.0
2,6884.0,3.0382925191086185,0,29.0
2,5381.0,3.0382925191086185,0,44.0
2,6580.0,3.0382925191086185,0,47.0
1,3737.0,3.0382925191086185,0,32.0
3,4896.0,3.426296226220652,1,41.0
0,7050.0,3.0382925191086185,0,43.0
2,7955.0,3.0382925191086185,1,18.0
2,6339.0,3.0382925191086185,1,12.0
1,6329.0,3.0382925191086185,0,17.0
2,2176.0,3.0382925191086185,0,43.0
2,4996.5,3.0382925191086185,0,1.0
2,2469.0,3.0382925191086185,0,5.0
2,4962.0,3.0382925191086185,0,44.0
2,2293.0,2.808331882720526,0,15.0
2,2996.0,3.0382925191086185,0,32.0
2,627.0,3.0382925191086185,0,25.0
2,7708.0,3.0382925191086185,0,45.0
2,2608.0,3.0382925191086185,0,6.0
2,4192.0,3.0382925191086185,1,47.0
2,8274.0,3.0382925191086185,0,25.0
2,3272.0,3.0382925191086185,1,16.0
3,9091.0,3.296485514428237,1,32.0
2,6010.0,3.0382925191086185,1,23.0
2,5890.0,3.0382925191086185,0,18.0
2,7899.0,3.0382925191086185,0,25.0
2,7827.0,3.0382925191086185,1,34.0
2,4015.0,3.0382925191086185,0,13.0
2,1086.0,2.68062828282201,0,1.0
2,2782.0,3.0382925191086185,0,5.0
3,1505.0,3.0382925191086185,1,0.0
0,7302.0,3.0382925191086185,0,24.0
2,579.0,3.0382925191086185,0,5.0
2,1406.0,3.0382925191086185,1,25.0
2,4607.0,3.0382925191086185,0,35.0
3,7891.0,3.0382925191086185,0,33.0
2,875.0,3.0382925191086185,0,9.0
0,9792.0,3.0382925191086185,1,43.0
2,8653.0,3.0382925191086185,0,29.0
2,3992.0,3.0382925191086185,1,30.0
2,7824.0,3.0382925191086185,0,45.0
1,8673.0,3.0382925191086185,0,15.0
2,6858.0,3.0382925191086185,0,15.0
2,9472.0,3.4014981222418914,0,19.0
2,4088.0,2.866185077388362,1,0.0
2,1812.0,3.0382925191086185,0,11.0
2,4537.0,3.0382925191086185,0,21.0
2,7788.0,3.0382925191086185,1,25.0
2,4043.0,3.0382925191086185,0,8.0
3,8566.0,3.0382925191086185,1,20.0
2,3920.0,3.0382925191086185,1,0.0
2,8806.0,3.0382925191086185,1,19.0
3,9489.0,3.0382925191086185,0,28.0
2,412.0,3.0382925191086185,1,4.0
1,8716.0,3.0382925191086185,0,2.0
2,3740.0,3.0382925191086185,0,19.0
2,6074.0,3.0382925191086185,0,43.0
2,7786.0,3.0382925191086185,0,39.0
2,2814.0,3.0382925191086185,1,32.0
2,4889.0,3.0382925191086185,0,49.0
2,3020.0,3.195975557706668,0,12.0
1,4996.5,3.0382925191086185,0,4.0
2,6159.0,2.9652777465564526,0,36.0
2,5804.0,3.0382925191086185,0,21.0
2,9447.0,3.0382925191086185,1,25.0
2,3110.0,3.0382925191086185,0,14.0
2,2041.0,3.0382925191086185,0,30.0
1,8633.0,3.0382925191086185,1,1.0
2,6122.0,2.87301676761888,0,20.0
2,8025.0,3.0382925191086185,1,1.0
2,8356.0,3.339502304920028,0,31.0
2,582.0,3.0382925191086185,1,44.0
0,5272.0,3.0382925191086185,0,26.0
2,9480.0,3.0382925191086185,1,7.0
2,5191.0,3.0382925191086185,0,17.0
2,6365.0,3.0382925191086185,1,10.0
2,3440.0,3.0382925191086185,0,25.0
2,2122.0,3.0382925191086185,1,32.0
1,8225.0,3.170459498500998,0,35.0
2,5365.0,3.4197500888188475,0,25.0
2,5131.0,3.0382925191086185,0,33.0
2,5813.0,3.0382925191086185,1,49.0
2,7929.0,3.0382925191086185,1,33.0
0,8567.0,3.0382925191086185,1,17.0
2,4939.0,2.8041111070461184,0,46.0
0,5317.0,3.194122133459595,0,5.0
0,8583.0,3.0382925191086185,0,39.0
2,5010.0,3.417148703187765,0,9.0
2,7491.0,3.0382925191086185,0,41.0
2,7310.0,3.0382925191086185,1,18.0
2,175.0,2.787663748716072,0,9.0
0,3800.0,3.0382925191086185,1,22.0
0,3755.0,3.0382925191086185,0,28.0
2,875.0,3.0382925191086185,0,33.0
2,2949.0,2.6849612943221444,0,39.0
0,8787.0,2.768524323302727,0,23.0
3,9250.0,3.0382925191086185,1,31.0
0,7034.0,3.0382925191086185,0,46.0
2,9700.0,3.0382925191086185,1,5.0
2,5942.0,3.0382925191086185,0,15.0
2,5959.0,3.0382925191086185,0,29.0
3,1624.0,3.0382925191086185,0,43.0
2,4996.5,3.0382925191086185,0,2.0
2,5214.0,3.0382925191086185,0,29.0
2,971.0,3.0382925191086185,0,37.0
0,8714.0,3.0262115966906347,0,4.0
2,7424.0,3.0382925191086185,0,28.0
2,8544.0,3.0382925191086185,0,30.0
2,4378.0,3.0382925191086185,0,49.0
2,1617.0,3.0382925191086185,0,28.0
2,8115.0,3.0382925191086185,1,21.0
1,2461.0,3.0382925191086185,1,18.0
2,4996.5,3.0382925191086185,1,39.0
2,1730.0,3.0382925191086185,1,19.0
2,2544.0,3.0382925191086185,0,32.0
2,2581.0,3.4978103705068744,0,4.0
2,9679.0,3.1817283016984783,0,2.0
2,6790.0,3.0382925191086185,1,42.0
2,3605.0,3.0382925191086185,0,44.0
2,9367.0,3.1070965597628604,0,18.0
2,9521.0,3.0382925191086185,0,7.0
1,1092.0,3.0382925191086185,0,26.0
1,981.0,3.0382925191086185,1,14.0
2,5067.0,3.0382925191086185,0,33.0
2,6885.0,2.849545733558644,0,48.0
1,8107.0,2.7839357608924025,0,39.0
1,2041.0,3.0382925191086185,0,40.0
2,4996.5,3.0382925191086185,1,41.0
2,9666.0,3.0382925191086185,0,20.0
1,8865.0,3.0382925191086185,1,1.0
2,8835.0,3.0382925191086185,0,22.0
2,7994.0,3.0382925191086185,1,15.0
2,7769.0,3.0382925191086185,1,7.0
2,4607.0,3.0382925191086185,0,49.0
2,6037.0,3.478458162388022,0,49.0
1,1706.0,3.0382925191086185,1,30.0
2,9855.0,3.0382925191086185,0,31.0
0,3191.0,3.0382925191086185,0,36.0
2,7637.0,3.0382925191086185,0,25.0
2,7393.0,3.0382925191086185,0,31.0
2,2356.0,3.0382925191086185,0,14.0
2,4639.0,3.0382925191086185,0,1.0
2,5148.0,3.0382925191086185,0,32.0
2,6617.0,3.0382925191086185,0,34.0
2,2124.0,3.0382925191086185,0,31.0
2,6627.0,3.0382925191086185,1,2.0
2,5774.0,3.0382925191086185,0,47.0
2,6808.0,3.0382925191086185,0,19.0
3,9354.0,3.489575723985042,1,25.0
2,5193.0,3.0382925191086185,0,6.0
3,4746.0,3.0382925191086185,0,21.0
2,5158.0,3.464315531578668,1,39.0
2,7005.0,3.0382925191086185,0,43.0
2,9611.0,3.0382925191086185,1,17.0
1,6062.0,3.0382925191086185,1,9.0
3,1725.0,2.659357104571012,0,26.0
2,8115.0,2.6582877081020198,0,19.0
1,6816.0,3.0382925191086185,0,25.0
2,4724.0,3.0382925191086185,1,35.0
2,5237.0,3.21807168619508,0,33.0
2,144.0,2.687356240354497,0,31.0
2,4155.0,3.455960727282021,0,27.0
2,2261.0,3.0382925191086185,0,13.0
2,2396.0,2.9057578305433585,1,6.0
2,2107.0,3.0382925191086185,0,25.0
1,7482.0,3.0382925191086185,1,26.0
2,4996.5,3.0382925191086185,0,25.0
2,3541.0,3.0382925191086185,0,0.0
2,9439.0,3.0382925191086185,0,49.0
2,6099.0,3.0382925191086185,1,35.0
2,3051.0,3.0382925191086185,0,27.0
2,7859.0,3.0382925191086185,0,45.0
1,8007.0,3.0382925191086185,0,14.0
1,1101.0,3.2450944478750494,1,42.0
0,4989.0,3.0382925191086185,1,9.0
1,3214.0,3.0382925191086185,0,13.0
2,1708.0,3.520292125634015,1,31.0
2,2085.0,3.0382925191086185,0,49.0
2,2449.0,3.0382925191086185,0,46.0
1,6655.0,3.0382925191086185,1,46.0
1,8720.0,3.0382925191086185,0,40.0
3,8823.0,2.8330915256321045,1,33.0
2,9669.0,3.0382925191086185,0,27.0
2,8928.0,3.0382925191086185,0,22.0
2,3566.0,3.0382925191086185,0,6.0
1,8529.0,2.654088676706316,0,27.0
2,5401.0,3.0382925191086185,1,13.0
2,4399.0,3.2889852578771603,1,38.0
2,2460.0,3.0382925191086185,0,8.0
1,4996.5,3.0382925191086185,1,37.0
0,7422.0,3.4093226594732244,0,25.0
1,8003.0,3.0382925191086185,0,5.0
2,4234.0,3.0382925191086185,0,43.0
2,8860.0,3.2057374893979245,0,27.0
2,6733.0,3.0382925191086185,1,37.0
2,3570.0,3.1300901730797275,1,34.0
2,4020.0,3.0382925191086185,0,17.0
2,6836.0,2.9146062714870578,0,17.0
2,548.0,3.0382925191086185,0,0.0
0,5027.0,3.0382925191086185,0,30.0
2,2526.0,3.3033253465562367,0,36.0
2,3436.0,3.0382925191086185,1,19.0
2,5443.0,3.0382925191086185,0,5.0
2,7630.0,3.475272523514235,0,0.0
2,4494.0,3.0382925191086185,0,1.0
2,324.0,3.047374213366698,0,38.0
2,5355.0,3.0382925191086185,0,21.0
2,6068.0,3.0382925191086185,1,38.0
2,8598.0,3.0382925191086185,0,27.0
2,1923.0,3.0382925191086185,0,21.0
2,7892.0,3.0382925191086185,0,42.0
2,3796.0,3.0382925191086185,1,10.0
2,6671.0,3.0382925191086185,1,27.0
1,843.0,2.752754219152913,1,48.0
2,4996.5,3.0382925191086185,0,0.0
1,7421.0,3.0382925191086185,1,32.0
0,5709.0,3.0382925191086185,0,48.0
2,3561.0,3.393291554983437,0,25.0
0,7779.0,3.0382925191086185,0,29.0
1,6525.0,3.0382925191086185,1,25.0
2,5788.0,3.0382925191086185,0,11.0
2,4996.5,3.0382925191086185,0,46.0
2,4996.5,3.0382925191086185,1,21.0
1,6236.0,3.0382925191086185,1,4.0
2,3283.0,3.0382925191086185,1,9.0
